"Favorite Type","Item Reference","Item Description","Last Modified",Preference
Song,1670266069,"Depeche Mode - Speak To Me",2025-07-25T16:41:38Z,NEUTRAL
Song,1443232210,"Lil Jon - Crunk Rock (Intro)",2025-07-10T18:13:43Z,NEUTRAL
Song,1801842561,"LINKIN PARK - Let You Fade",2025-07-10T15:46:36Z,LIKE
Song,1801842324,"LINKIN PARK - From Zero (Intro)",2025-07-01T16:24:05Z,NEUTRAL
Song,1670265833,"Depeche Mode - My Favourite Stranger",2025-06-06T12:33:49Z,LIKE
Song,574055203,"AC/DC - Inject the Venom",2025-05-23T12:42:05Z,LIKE
Song,1764004438,"Nicholas Sillitoe & Even Sarucco - Silver Lines (Sollos Focus Mix)",2025-05-17T15:12:58Z,LIKE
Song,725823871,"Anne Clark - True Love Tales",2025-05-09T17:05:42Z,LIKE
Song,1449751188,"The Cure - The Promise",2025-04-11T01:06:27Z,LIKE
Song,1766137060,"LINKIN PARK - Overflow",2025-03-23T16:51:06Z,LIKE
Song,1768728503,"The Cure - Endsong",2025-03-15T16:19:42Z,LIKE
Song,1768728137,"The Cure - A Fragile Thing",2025-03-02T02:27:20Z,LIKE
Song,1766137052,"LINKIN PARK - Cut the Bridge",2025-02-23T16:54:33Z,LIKE
Song,1766137066,"LINKIN PARK - Good Things Go",2025-01-25T17:57:35Z,LIKE
Song,1647228386,"Bad Omens - What do you want from me?",2024-08-11T19:23:31Z,LIKE
Song,1700686544,"From Ashes to New - On My Own",2024-07-31T18:27:02Z,LIKE
Song,1735058150,"From Ashes to New - Hate Me Too",2024-07-30T22:08:43Z,LIKE
Song,778125004,"From Ashes to New - Live Again",2024-06-18T19:38:01Z,LIKE
Song,1326941853,"A Broken Silence - Im the One with the Gun",2024-05-14T14:39:37Z,LIKE
Song,1640553000,"CHVRCHES - Good Girls",2024-03-30T21:04:17Z,LIKE
Song,1411628993,"Imagine Dragons - Yesterday",2024-01-04T23:02:44Z,LIKE
Song,723627545,"Troika - Kyuan Yin",2023-12-09T20:51:34Z,LIKE
Song,1580727846,"nightbloom - spheres (spa)",2023-12-08T16:31:18Z,LIKE
Song,714777042,"Orchestral Manoeuvres In the Dark - Distance Fades Between Us",2023-12-05T15:33:35Z,LIKE
Song,1246701127,"Pet Shop Boys - Minimal",2023-11-30T22:32:37Z,LIKE
Song,1246701124,"Pet Shop Boys - Psychological",2023-11-30T21:52:18Z,LIKE
Song,1139142428,"Calming Water Consort - Soothing Beach Sounds",2023-11-26T23:55:07Z,LIKE
Song,1512305832,"s. lyre's extra goodies - Rain Thing",2023-11-26T23:29:47Z,LIKE
Song,1164442040,"Soular Order - An Island",2023-11-26T23:11:41Z,LIKE
Song,1436804947,"WYNNE - Come Alive",2023-11-26T22:08:47Z,LIKE
Song,1210349130,"Deep Sleep Relaxation Universe - Peaceful Music (Natural Sounds)",2023-11-24T22:53:56Z,LIKE
Song,1210349129,"Deep Sleep Relaxation Universe - Awakening (Sleep Music Collection)",2023-11-23T16:18:42Z,LIKE
Song,1443912785,"Tears for Fears - Suffer the Children (Remix)",2023-11-16T19:47:07Z,LIKE
Song,302136285,"Ministry - The Angel",2023-11-15T21:51:55Z,LIKE
Song,1486490822,"Mammals - Wolf",2023-11-12T02:00:39Z,LIKE
Song,572194175,"Atari Teenage Riot - Start the Riot!",2023-10-07T12:58:38.880Z,LIKE
Song,1184906682,"Cosmic Gate - Am2pm",2022-07-11T00:51:34.907Z,LIKE
Song,1594916416,"Ferry Corsten - Made of Love (feat. Betsie Larkin) [Album Edit]",2022-07-10T17:02:29.859Z,LIKE
Song,1577239739,"Lofi Fruits Music & Chill Fruits Music - Refound Motivation",2022-06-21T02:50:23.371Z,LIKE
Song,679400125,"Estonian Philharmonic Chamber Choir & Paul Hillier - All-Night Vigil, Op.37: II. Praise the Lord, O my soul",2022-06-07T20:48:47.051Z,LIKE
Song,1440779572,"L.A. Guns - The Ballad of Jayne",2022-05-20T02:30:49.146Z,LIKE
Song,392429593,"a-ha - Take On Me",2022-05-15T14:51:00.230Z,LIKE
Song,202272697,"Fleetwood Mac - Little Lies",2022-04-25T00:21:02.186Z,LIKE
Song,298423372,"Los Amantes de Lola - Beber de Tu Sangre",2022-03-12T22:45:07.268Z,LIKE
Song,1489173169,"Christmas Jazz Piano Trio - Christmas Bossa",2021-12-25T19:36:58.206Z,DISLIKE
Song,1440630994,"Queen - The Show Must Go On",2021-12-07T19:01:28.280Z,LIKE
Song,1440742336,"Steelheart - She's Gone",2021-04-24T16:14:49.642Z,LIKE
Song,1521719730,"Sunlounger - Lost (Dance Version)",2021-04-18T15:51:08.108Z,LIKE
Song,1440904256,"Def Leppard - Love Bites",2021-04-16T20:44:45.042Z,LIKE
Song,1532019310,"Tiësto - The Business",2021-04-14T15:52:01.541Z,LIKE
Song,1440908588,"Def Leppard - Too Late for Love",2021-04-08T14:11:54.787Z,LIKE
Song,1182133465,"Martha Argerich, Orchestre Symphonique de Montréal & Charles Dutoit - Piano Concerto No. 1 in E Minor, Op. 11: II. Romanze (Larghetto)",2021-04-07T14:31:20.576Z,LIKE
Song,829615674,"The Quest - C-Sharp",2021-04-01T15:08:09.561Z,LIKE
Song,375213950,"Markus Schulz - Perception (feat. Justine Suissa)",2021-03-27T17:59:17.758Z,LIKE
Song,274063625,"Allure - Somewhere Inside (feat. Julie Thompson)",2021-03-25T01:17:53.064Z,LIKE
Song,1015056045,"Solarstone - 4Ever",2021-03-19T02:36:35.835Z,LIKE
Song,305853684,"ATB - Ecstasy",2021-03-19T02:21:44.524Z,LIKE
Song,1271724799,"Paul van Dyk & Vincent Corver - While You Were Gone",2021-03-06T16:57:45.374Z,LIKE
Song,1440907859,"Def Leppard - Animal",2021-03-05T16:10:43.689Z,LIKE
Song,113694685,"Tiësto - Adagio for Strings",2021-02-26T19:44:54.025Z,LIKE
Song,336764879,"Ram - Ramsterdam (Jorn Van Deynhoven Remix)",2021-02-26T18:54:03.949Z,LIKE
Song,944248218,"Armin van Buuren - Hystereo (Radio Edit)",2021-02-23T16:01:16.184Z,LIKE
Song,910888089,"BT, Tritonal & Emma Hewitt - Calling Your Name",2021-02-23T15:59:29.516Z,LIKE
Song,1440908584,"Def Leppard - Photograph",2021-02-08T19:38:30.217Z,LIKE
Song,599849005,"Def Leppard - When Love & Hate Collide",2021-02-08T19:33:45.861Z,LIKE
Song,378705820,"Mat Zo - The Found (Original Mix)",2021-02-07T17:20:17.980Z,LIKE
Song,1003301021,"Disfigure - Blank",2021-02-06T19:29:35.684Z,LIKE
Song,1528491757,"Your Favourite Garçon - Baby Work It",2021-02-06T19:25:30.177Z,LIKE
Song,1537477069,"Ariana Grande - positions",2021-01-30T23:43:39.751Z,LIKE
Song,1452150545,"Charlotte Margiono, John Eliot Gardiner, Orchestre Révolutionnaire et Romantique, Catherine Robbin, Monteverdi Choir, William Kendall & Alastair Miles - Mass in C, Op. 86: III. Credo in Unum Deum",2020-12-25T01:32:05.487Z,LIKE
Song,1440858721,"Frank Sinatra - Theme from New York, New York",2020-12-24T20:16:00.081Z,LIKE
Song,726405745,"Héroes del Silencio - La Espuma De Venus",2020-12-24T04:41:42.535Z,LIKE
Song,713512776,"Alejandra Guzmán - Mírame",2020-12-24T04:20:22.849Z,LIKE
Song,1443396771,"Alejandra Guzmán - Ángeles Caidos",2020-12-24T04:10:59.617Z,LIKE
Song,1443647944,"Alejandra Guzmán - Cuidado Con el Corazón",2020-12-24T04:09:45.487Z,LIKE
Song,1443611685,"Alejandra Guzmán - Reina de Corazones",2020-12-23T19:24:48.657Z,LIKE
Song,1443611526,"Alejandra Guzmán - Hacer el Amor Con Otro",2020-12-23T18:42:15.356Z,LIKE
Song,1440865512,"Alejandra Guzmán - Todos Me Miran",2020-12-22T20:06:14.748Z,LIKE
Song,1443396279,"Alejandra Guzmán - Mirala Miralo",2020-12-22T18:34:05.437Z,LIKE
Song,1443397035,"Alejandra Guzmán - Te Esperaba",2020-12-22T18:11:54.681Z,LIKE
Song,1443647949,"Alejandra Guzmán - Llama por Favor",2020-12-22T17:57:57.589Z,LIKE
Song,1443611529,"Alejandra Guzmán - Güera",2020-12-22T17:53:39.539Z,LIKE
Song,1529334817,"Isata Kanneh-Mason, Jeneba Kanneh-Mason, Braimah Kanneh-Mason, Ayla Sahin, Timothy Ridout, Sheku Kanneh-Mason & Toby Hughes - Carnival of the Animals: I. Introduction and Royal March of the Lion",2020-12-22T04:28:33.173Z,LIKE
Song,726382668,"Héroes del Silencio - Decadencia",2020-12-20T03:53:20.708Z,LIKE
Song,726382582,"Héroes del Silencio - La Carta",2020-12-19T19:27:17.265Z,LIKE
Song,699843356,"Héroes del Silencio - Tesoro",2020-12-19T03:14:33.171Z,LIKE
Song,726382451,"Héroes del Silencio - Entre Dos Tierras",2020-12-19T03:11:26.038Z,LIKE
Song,1435615545,"Sarah Brightman - Sogni (feat. Vincent Niclo)",2020-12-19T01:51:14.945Z,LIKE
Song,724525025,"Sarah Brightman - Nessun Dorma",2020-12-18T16:36:34.632Z,LIKE
Song,1435615572,"Sarah Brightman - Miracle (Sarah's Version) [feat. YOSHIKI]",2020-12-16T18:56:51.250Z,LIKE
Song,724523191,"Sarah Brightman - Ave Maria",2020-12-14T19:50:33.995Z,LIKE
Song,735306351,"Armin van Buuren - Forever Is Ours (feat. Emma Hewitt)",2020-12-13T22:59:45.793Z,LIKE
Song,79144355,"Cosmo Kid - Neon Pressure",2020-12-13T22:00:48.427Z,LIKE
Song,299210248,"Super8 & Tab - Delusion",2020-12-13T19:32:03.257Z,LIKE
Song,273147236,"Nitrous Oxide - Waves",2020-12-13T18:09:22.197Z,LIKE
Song,871193388,"Andrew Rayel - One In a Million (feat. Jonathan Mendelsohn)",2020-12-13T18:02:28.740Z,LIKE
Song,388111052,"Charlie Dée - Have It All (Tiësto Remix)",2020-12-12T17:09:45.345Z,LIKE
Song,217928841,"Ayu - M (Above & Beyond Typhoon Dub)",2020-12-12T02:02:22.201Z,LIKE
Song,290435570,"deadmau5 - Faxing Berlin",2020-12-12T02:00:01.174Z,LIKE
Song,925722475,"Aly & Fila & Ferry Tayle - Nubia (Album Mix)",2020-12-11T19:15:10.013Z,LIKE
Song,628378268,"Solarstone - Seven Cities (Pure Mix)",2020-12-11T19:10:03.628Z,LIKE
Song,403710236,"W&W & Ben Gold - Break the Rules (Original Mix)",2020-12-11T19:03:01.032Z,LIKE
Song,354090700,"Oliver Smith - Nimbus",2020-12-11T16:01:39.082Z,LIKE
Song,457004780,"Super8 & Tab - My Enemy (Rank 1 Remix) [feat. Julie Thompson]",2020-12-11T03:26:42.877Z,LIKE
Song,1542689176,"Dash Berlin & Emma Hewitt - Waiting (Extended Mix)",2020-12-11T02:43:23.445Z,LIKE
Song,966174466,"Alex M.O.R.P.H. - 4Ever (feat. Natalie Gioia) [Dub Radio Edit]",2020-12-11T02:34:38.310Z,LIKE
Song,1038408579,"Paul Oakenfold & Cassandra Fox - Touch Me (Including Bonus Commentary)",2020-12-11T02:08:34.957Z,LIKE
Song,697403224,"Luis Miguel - Palabra De Honor",2020-12-11T00:56:35.744Z,LIKE
Song,1440647885,"Queen - Stone Cold Crazy",2020-12-11T00:52:45.551Z,DISLIKE
Song,1440627466,"Queen - Ogre Battle",2020-12-11T00:52:36.094Z,DISLIKE
Song,1489676434,"JIL - RoughProjects-Tell Me It Wasn't True",2020-12-08T02:18:00.867Z,LIKE
Song,1147167078,"Iron Maiden - Phantom of the Opera",2020-12-08T02:08:15.094Z,LIKE
Song,1440824454,"Anne Hathaway - I Dreamed a Dream",2020-12-08T02:02:05.698Z,LIKE
Song,715917364,"Enigma - Sadeness (Part I) [Radio Edit]",2020-12-07T19:27:43.221Z,LIKE
Song,1490572195,"John Eliot Gardiner & London Symphony Orchestra - Symphony No. 1 in B-Flat Major, Op. 38: IV. Allegro animato e grazioso",2020-12-05T01:39:36.552Z,LIKE
Song,1440563162,"Yvonne S. Moriarty, Walt Fowler, Ladd McIntosh, Elizabeth Finch, Jack Smalley, Bruce Fowler, Gavin Greenaway, The Lyndhurst Orchestra, Lisa Gerrard & Hans Zimmer - Progeny",2020-12-05T00:08:33.070Z,LIKE
Song,726382462,"Héroes del Silencio - Maldito Duende",2020-12-04T23:14:38.746Z,LIKE
Song,1440658917,"Kiss - I Was Made for Lovin' You",2020-12-02T19:43:52.012Z,LIKE
Song,209695192,"Ozzy Osbourne - Mama, I'm Coming Home",2020-12-02T19:20:12.760Z,LIKE
Song,1506575073,"Peter Schmalfuss - 3 Nocturnes, Op. 9: No. 2 in E-Flat Major",2020-12-01T19:22:35.890Z,LIKE
Song,1443508671,"Timbiriche - Corro, Vuelo, Me Acelero",2020-11-26T18:04:51.228Z,LIKE
Song,1443481713,"Timbiriche - Mírame (Cuestion de Tiempo)",2020-11-26T17:55:04.758Z,LIKE
Song,1454728959,"Amanda Miguel - Castillos",2020-11-25T17:37:34.685Z,LIKE
Song,338547869,"Banjos - Cotton Eyed Joe",2020-11-24T19:38:02.068Z,LIKE
Song,41297651,"Vangelis - Conquest of Paradise",2020-11-24T19:27:19.063Z,LIKE
Song,1510789223,"Gustav Kuhn, Orchester der Tiroler Festspiele, Hiroko Kouda, Monika Waeckerle, Patrizio Saudelli, Xiaoliang Li, Inntal Chor & Chorvereinigung Erl - Requiem - Lacrimosa",2020-11-24T03:16:00.567Z,LIKE
Song,111597050,"Cinderella - Don't Know What You've Got ('Til It's Gone) [Live]",2020-11-24T03:03:00.550Z,LIKE
Song,1421242781,"Travis Scott - SICKO MODE",2020-09-13T20:01:09Z,LIKE
Song,1440788691,"Ellie Goulding - Lights (Single Version)",2020-09-12T22:08:03.101Z,LIKE
Song,1496639192,"Justin Bieber - Habitual",2020-09-06T00:31:24.108Z,LIKE
Song,1458172398,"K CAMP - Lottery (Renegade)",2020-09-06T00:22:49.555Z,LIKE
Song,1360506336,"Doja Cat - Candy",2020-08-22T22:49:58.142Z,LIKE
Song,1039568691,"Jacob Mandell, James Isley, Messiah College Chamber Singers & Linda L. Tedford - Da Coconut Nut",2019-11-15T01:34:50.275Z,DISLIKE
Song,331049683,"She Wants Revenge - Love Me",2019-07-11T03:56:59.462Z,LIKE
Song,587384083,"Atoms for Peace - Reverse Running",2019-07-07T21:35:45.386Z,LIKE
Song,932111795,"Unto Ashes - Kathy’s Song (Apoptygma Berzerk)",2019-06-25T18:42:05Z,LIKE
Song,413196423,"IAMX - Simple Girl",2019-06-25T18:34:23Z,LIKE
Song,1603343227,"IAMX - Simple Girl",2019-06-25T18:34:18Z,LIKE
Song,1459983631,"Fix8:Sëd8 - Embolism",2019-06-24T18:27:16.058Z,LIKE
Artist,1004130511,Poppy,2023-02-17T03:27:37.170Z,LIKE
