"Feature Name","Play Duration Milliseconds","First Played","Last Played","Source Type","Date Created"
voice_control,123000,1754092859731,1754093567259,UNKNOWN_DEVICE,20250802
voice_control,3030000,1754075645112,1754092717190,UNKNOWN_DEVICE,20250801
voice_control,5137000,1753977753373,1754000655434,UNKNOWN_DEVICE,20250731
voice_control,3205000,1753802590849,1753818592256,UNKNOWN_DEVICE,20250729
voice_control,10655000,1753714003363,1753741250403,UNKNOWN_DEVICE,20250728
voice_control,2646000,1753577991632,1753634147755,UNKNOWN_DEVICE,20250727
voice_control,311000,1753443962786,1753444114339,UNKNOWN_DEVICE,20250725
voice_control,6447000,1751936324776,1751994381550,UNKNOWN_DEVICE,20250708
voice_control,8919000,1751849285692,1751901498073,UNKNOWN_DEVICE,20250707
voice_control,6708000,1751815250216,1751824386610,UNKNOWN_DEVICE,20250706
voice_control,1578000,1751735551886,1751737329888,UNKNOWN_DEVICE,20250705
voice_control,3331000,1751632885661,1751666907316,UNKNOWN_DEVICE,20250704
voice_control,2703000,1751557285740,1751579175703,UNKNOWN_DEVICE,20250703
voice_control,2741000,1751463403784,1751491898493,UNKNOWN_DEVICE,20250702
voice_control,4828000,1751373293607,1751407409183,UNKNOWN_DEVICE,20250701
voice_control,2222000,1751244025288,1751289319972,UNKNOWN_DEVICE,20250630
voice_control,3577000,1751211440743,1751230060682,UNKNOWN_DEVICE,20250629
voice_control,5648000,1751078047938,1751130736643,UNKNOWN_DEVICE,20250628
voice_control,7222000,1750983142806,1751048790526,UNKNOWN_DEVICE,20250627
voice_control,4396000,1750968377311,1750972872816,UNKNOWN_DEVICE,20250626
voice_control,4558000,1750820825293,1750892536078,UNKNOWN_DEVICE,20250625
voice_control,496000,1750755602486,1750756098272,UNKNOWN_DEVICE,20250624
voice_control,3213000,1750678612564,1750681744315,UNKNOWN_DEVICE,20250623
voice_control,1936000,1750605457890,1750607242903,UNKNOWN_DEVICE,20250622
voice_control,1976000,1750522224565,1750524201727,UNKNOWN_DEVICE,20250621
voice_control,3869000,1750430907655,1750463265519,UNKNOWN_DEVICE,20250620
voice_control,3556000,1750291736002,1750352136445,UNKNOWN_DEVICE,20250619
voice_control,2228000,1750204593914,1750244665027,UNKNOWN_DEVICE,20250618
voice_control,2287000,1750202464694,1750204593977,UNKNOWN_DEVICE,20250617
voice_control,651000,1750078107500,1750078759289,UNKNOWN_DEVICE,20250616
voice_control,3326000,1749859156421,1749931990876,UNKNOWN_DEVICE,20250614
voice_control,3373000,1749831574222,1749859156973,UNKNOWN_DEVICE,20250613
voice_control,12965000,1749690487114,1749755739712,UNKNOWN_DEVICE,20250612
voice_control,2410000,1749647341379,1749649792077,UNKNOWN_DEVICE,20250611
voice_control,3920000,1749513594191,1749562928137,UNKNOWN_DEVICE,20250610
voice_control,3166000,1749474262520,1749513593829,UNKNOWN_DEVICE,20250609
voice_control,9756000,1749394108415,1749403189377,UNKNOWN_DEVICE,20250608
voice_control,3000000,1749300449468,1749308794579,UNKNOWN_DEVICE,20250607
voice_control,749000,1749224008785,1749224757179,UNKNOWN_DEVICE,20250606
voice_control,5513000,1749100093281,1749162388513,UNKNOWN_DEVICE,20250605
voice_control,8299000,1749040675981,1749078290989,UNKNOWN_DEVICE,20250604
voice_control,3257000,1748984035679,1748987297395,UNKNOWN_DEVICE,20250603
voice_control,2007000,1748862003737,1748870671136,UNKNOWN_DEVICE,20250602
voice_control,954000,1748796667219,1748813418655,UNKNOWN_DEVICE,20250601
voice_control,3752000,1748706986846,1748727231869,UNKNOWN_DEVICE,20250531
voice_control,215000,1748607443702,1748607658702,UNKNOWN_DEVICE,20250530
voice_control,5762000,1748476730715,1748557673530,UNKNOWN_DEVICE,20250529
voice_control,10972000,1748406625064,1748476731280,UNKNOWN_DEVICE,20250528
voice_control,17288000,1748357041930,1748387644898,UNKNOWN_DEVICE,20250527
voice_control,7610000,1748274603655,1748290881437,UNKNOWN_DEVICE,20250526
voice_control,1421000,1748132800343,1748194862668,UNKNOWN_DEVICE,20250525
voice_control,1377000,1748092067797,1748093444689,UNKNOWN_DEVICE,20250524
voice_control,2792000,1748004145305,1748006936408,UNKNOWN_DEVICE,20250523
voice_control,1441000,1747922294159,1747923735402,UNKNOWN_DEVICE,20250522
voice_control,673000,1747832645417,1747833348949,UNKNOWN_DEVICE,20250521
voice_control,3838000,1747738810653,1747755411386,UNKNOWN_DEVICE,20250520
voice_control,4826000,1747652409288,1747696802579,UNKNOWN_DEVICE,20250519
voice_control,5611000,1747581539700,1747602109044,UNKNOWN_DEVICE,20250518
voice_control,799000,1747494325069,1747495123111,UNKNOWN_DEVICE,20250517
voice_control,235000,1747385713791,1747385948791,UNKNOWN_DEVICE,20250516
voice_control,10082000,1747274249498,1747353351625,UNKNOWN_DEVICE,20250515
voice_control,3397000,1747226344741,1747230054679,UNKNOWN_DEVICE,20250514
voice_control,4620000,1746983009823,1746987641804,UNKNOWN_DEVICE,20250511
voice_control,2223000,1746874115732,1746876183183,UNKNOWN_DEVICE,20250510
voice_control,1689000,1746788405182,1746797793387,UNKNOWN_DEVICE,20250509
voice_control,8776000,1746702005775,1746742848450,UNKNOWN_DEVICE,20250508
voice_control,8061000,1746575910067,1746660668344,UNKNOWN_DEVICE,20250507
voice_control,2843000,1746529214062,1746575909489,UNKNOWN_DEVICE,20250506
voice_control,2093000,1746449174288,1746451267962,UNKNOWN_DEVICE,20250505
voice_control,4258000,1746317122872,1746380590487,UNKNOWN_DEVICE,20250504
voice_control,6560000,1746285928169,1746315823361,UNKNOWN_DEVICE,20250503
voice_control,36598000,1746183616557,1746229133094,UNKNOWN_DEVICE,20250502
voice_control,8622000,1746097215270,1746115974794,UNKNOWN_DEVICE,20250501
voice_control,3414000,1746010804113,1746056889356,UNKNOWN_DEVICE,20250430
voice_control,3092000,1745891021582,1745942609886,UNKNOWN_DEVICE,20250429
voice_control,2708000,1745803690040,1745866705595,UNKNOWN_DEVICE,20250428
voice_control,10130000,1745720690793,1745788126656,UNKNOWN_DEVICE,20250427
voice_control,9966000,1745626595835,1745711641632,UNKNOWN_DEVICE,20250426
voice_control,1002000,1745583454003,1745584456329,UNKNOWN_DEVICE,20250425
voice_control,2272000,1745494462018,1745514325676,UNKNOWN_DEVICE,20250424
voice_control,6007000,1745406021890,1745440354967,UNKNOWN_DEVICE,20250423
voice_control,5424000,1745328341242,1745337525554,UNKNOWN_DEVICE,20250422
voice_control,1225000,1745240079357,1745272652819,UNKNOWN_DEVICE,20250421
voice_control,5557000,1745108151009,1745161590820,UNKNOWN_DEVICE,20250420
voice_control,1954000,1745084593730,1745086720014,UNKNOWN_DEVICE,20250419
voice_control,661000,1744977373213,1744978033628,UNKNOWN_DEVICE,20250418
voice_control,1183000,1744912181263,1744913375437,UNKNOWN_DEVICE,20250417
voice_control,3284000,1744810746811,1744816744327,UNKNOWN_DEVICE,20250416
voice_control,12994000,1744726925661,1744744100997,UNKNOWN_DEVICE,20250415
voice_control,3245000,1744634763692,1744638026998,UNKNOWN_DEVICE,20250414
voice_control,15697000,1744551421655,1744574308417,UNKNOWN_DEVICE,20250413
voice_control,4370000,1744464556684,1744472713117,UNKNOWN_DEVICE,20250412
voice_control,826000,1744376198961,1744377067625,UNKNOWN_DEVICE,20250411
voice_control,5419000,1744284169585,1744318866710,UNKNOWN_DEVICE,20250410
voice_control,1727000,1744196410703,1744203883532,UNKNOWN_DEVICE,20250409
voice_control,3953000,1744118708291,1744122643085,UNKNOWN_DEVICE,20250408
voice_control,6474000,1744031199882,1744069792897,UNKNOWN_DEVICE,20250407
voice_control,6092000,1743946346539,1743968211377,UNKNOWN_DEVICE,20250406
voice_control,13626000,1743813133006,1743864818914,UNKNOWN_DEVICE,20250405
voice_control,1411000,1743728114257,1743769371749,UNKNOWN_DEVICE,20250404
voice_control,4355000,1743682866147,1743712565355,UNKNOWN_DEVICE,20250403
voice_control,3649000,1743512391358,1743538616319,UNKNOWN_DEVICE,20250401
voice_control,10993000,1743380292932,1743447741322,UNKNOWN_DEVICE,20250331
voice_control,7843000,1743292640341,1743380293398,UNKNOWN_DEVICE,20250330
voice_control,15169000,1743206049248,1743292640180,UNKNOWN_DEVICE,20250329
voice_control,13257000,1743119928601,1743206049374,UNKNOWN_DEVICE,20250328
voice_control,3505000,1743091348516,1743119928584,UNKNOWN_DEVICE,20250327
voice_control,5054000,1742947049598,1742996302487,UNKNOWN_DEVICE,20250326
voice_control,8902000,1742906940921,1742947041606,UNKNOWN_DEVICE,20250325
voice_control,7621000,1742774324667,1742832005666,UNKNOWN_DEVICE,20250324
voice_control,6191000,1742747218671,1742774324495,UNKNOWN_DEVICE,20250323
voice_control,7396000,1742676256883,1742683651686,UNKNOWN_DEVICE,20250322
voice_control,3408000,1742555357149,1742563505799,UNKNOWN_DEVICE,20250321
voice_control,6159000,1742468412321,1742508295755,UNKNOWN_DEVICE,20250320
voice_control,2016000,1742393230487,1742395180788,UNKNOWN_DEVICE,20250319
voice_control,3918000,1742295616135,1742323295320,UNKNOWN_DEVICE,20250318
voice_control,2618000,1742215206670,1742217824285,UNKNOWN_DEVICE,20250317
voice_control,1862000,1742083362746,1742139426632,UNKNOWN_DEVICE,20250316
voice_control,3820000,1742000159680,1742062818001,UNKNOWN_DEVICE,20250315
voice_control,2166000,1741951855709,1741954097873,UNKNOWN_DEVICE,20250314
voice_control,1966000,1741836147995,1741838030613,UNKNOWN_DEVICE,20250313
voice_control,1583000,1741783100119,1741784688024,UNKNOWN_DEVICE,20250312
voice_control,1552000,1741712712869,1741714264683,UNKNOWN_DEVICE,20250311
voice_control,3350000,1741628728749,1741632108242,UNKNOWN_DEVICE,20250310
voice_control,8841000,1741532448546,1741561950626,UNKNOWN_DEVICE,20250309
voice_control,35235000,1741406089632,1741461448077,UNKNOWN_DEVICE,20250308
voice_control,2282000,1741318920699,1741365419269,UNKNOWN_DEVICE,20250307
voice_control,4541000,1741262980798,1741299708297,UNKNOWN_DEVICE,20250306
voice_control,8054000,1741148185432,1741203657553,UNKNOWN_DEVICE,20250305
voice_control,2271000,1741089618019,1741096040657,UNKNOWN_DEVICE,20250304
voice_control,3172000,1741003208097,1741012414201,UNKNOWN_DEVICE,20250303
voice_control,6409000,1740928298795,1740956199194,UNKNOWN_DEVICE,20250302
voice_control,5311000,1740744022361,1740777274916,UNKNOWN_DEVICE,20250228
voice_control,664000,1740663282285,1740663947064,UNKNOWN_DEVICE,20250227
voice_control,1752000,1740578623522,1740580804753,UNKNOWN_DEVICE,20250226
voice_control,5909000,1740484816103,1740501849874,UNKNOWN_DEVICE,20250225
voice_control,402000,1740416426846,1740416829100,UNKNOWN_DEVICE,20250224
voice_control,6407000,1740233735571,1740251102909,UNKNOWN_DEVICE,20250222
voice_control,3037000,1740141671791,1740154507407,UNKNOWN_DEVICE,20250221
voice_control,12044000,1740009798142,1740072641100,UNKNOWN_DEVICE,20250220
voice_control,2200000,1739973216149,1739975418386,UNKNOWN_DEVICE,20250219
voice_control,2110000,1739726865309,1739739809650,UNKNOWN_DEVICE,20250216
voice_control,5286000,1739493935871,1739563053626,UNKNOWN_DEVICE,20250214
voice_control,4145000,1739452710895,1739479719878,UNKNOWN_DEVICE,20250213
voice_control,7103000,1739284847300,1739294744768,UNKNOWN_DEVICE,20250211
voice_control,2807000,1739192421475,1739197871991,UNKNOWN_DEVICE,20250210
voice_control,2332000,1739059174858,1739145057542,UNKNOWN_DEVICE,20250209
voice_control,2624000,1739028785625,1739059175336,UNKNOWN_DEVICE,20250208
voice_control,4172000,1738886255295,1738939085006,UNKNOWN_DEVICE,20250207
voice_control,8519000,1738757407065,1738773282953,UNKNOWN_DEVICE,20250205
voice_control,4170000,1738670402180,1738693499970,UNKNOWN_DEVICE,20250204
voice_control,2872000,1738552773706,1738606075217,UNKNOWN_DEVICE,20250203
voice_control,5842000,1738457707519,1738534597998,UNKNOWN_DEVICE,20250202
voice_control,1629000,1738331699627,1738333327770,UNKNOWN_DEVICE,20250131
voice_control,10619000,1738243947458,1738266279672,UNKNOWN_DEVICE,20250130
voice_control,6353000,1738155629186,1738187767650,UNKNOWN_DEVICE,20250129
voice_control,3544000,1738065620162,1738088249545,UNKNOWN_DEVICE,20250128
voice_control,2972000,1737983675094,1737986649678,UNKNOWN_DEVICE,20250127
voice_control,13961000,1737857522102,1737935457831,UNKNOWN_DEVICE,20250126
voice_control,20995000,1737815755223,1737832897492,UNKNOWN_DEVICE,20250125
voice_control,1704000,1737738886829,1737740610300,UNKNOWN_DEVICE,20250124
voice_control,2049000,1737649758497,1737661645312,UNKNOWN_DEVICE,20250123
voice_control,10591000,1737423624883,1737494159396,UNKNOWN_DEVICE,20250121
voice_control,1130000,1737391907831,1737403157958,UNKNOWN_DEVICE,20250120
voice_control,3008000,1737298087205,1737321154189,UNKNOWN_DEVICE,20250119
voice_control,9386000,1737220374538,1737242890682,UNKNOWN_DEVICE,20250118
voice_control,3100000,1737115204100,1737151635609,UNKNOWN_DEVICE,20250117
voice_control,1956000,1736949377345,1736951345423,UNKNOWN_DEVICE,20250115
voice_control,2128000,1736827358974,1736864364772,UNKNOWN_DEVICE,20250114
voice_control,2809000,1736770074674,1736773692535,UNKNOWN_DEVICE,20250113
voice_control,2988000,1736706115228,1736709101917,UNKNOWN_DEVICE,20250112
voice_control,2414000,1736623392865,1736632370328,UNKNOWN_DEVICE,20250111
voice_control,2514000,1736511267239,1736529229008,UNKNOWN_DEVICE,20250110
voice_control,38380000,1736424901644,1736460832964,UNKNOWN_DEVICE,20250109
voice_control,1888000,1736367426619,1736373019291,UNKNOWN_DEVICE,20250108
voice_control,1624000,1725399116459,1725400749852,UNKNOWN_DEVICE,20240903
voice_control,2149000,1725300574912,1725302723623,UNKNOWN_DEVICE,20240902
voice_control,8671000,1725198671170,1725227367284,UNKNOWN_DEVICE,20240901
voice_control,3252000,1725109921883,1725130708444,UNKNOWN_DEVICE,20240831
voice_control,1646000,1725019767102,1725024771194,UNKNOWN_DEVICE,20240830
voice_control,2024000,1724416532447,1724418555442,UNKNOWN_DEVICE,20240823
voice_control,2413000,1724284543551,1724286960026,UNKNOWN_DEVICE,20240822
voice_control,14953000,1724253682242,1724284499292,UNKNOWN_DEVICE,20240821
voice_control,3339000,1724164596961,1724167935764,UNKNOWN_DEVICE,20240820
voice_control,1141000,1724069004902,1724070145115,UNKNOWN_DEVICE,20240819
voice_control,305000,1724014969853,1724015275107,UNKNOWN_DEVICE,20240818
voice_control,2744000,1723905052587,1723934598050,UNKNOWN_DEVICE,20240817
voice_control,3293000,1723823550056,1723827045050,UNKNOWN_DEVICE,20240816
voice_control,5427000,1723723247956,1723742387934,UNKNOWN_DEVICE,20240815
voice_control,8431000,1723645178114,1723675237652,UNKNOWN_DEVICE,20240814
voice_control,508000,1723568407613,1723568915707,UNKNOWN_DEVICE,20240813
voice_control,735000,1723497184294,1723497919482,UNKNOWN_DEVICE,20240812
voice_control,4240000,1723376842187,1723381093135,UNKNOWN_DEVICE,20240811
voice_control,1591000,1723252335469,1723302802344,UNKNOWN_DEVICE,20240810
voice_control,11438000,1723214469419,1723240456962,UNKNOWN_DEVICE,20240809
voice_control,1494000,1723135670665,1723137163853,UNKNOWN_DEVICE,20240808
voice_control,7289000,1722988708751,1723043421355,UNKNOWN_DEVICE,20240807
voice_control,4702000,1722957858377,1722988708804,UNKNOWN_DEVICE,20240806
voice_control,4837000,1722862624973,1722897065211,UNKNOWN_DEVICE,20240805
voice_control,4406000,1722786370625,1722790777074,UNKNOWN_DEVICE,20240804
voice_control,4468000,1722689879326,1722695066451,UNKNOWN_DEVICE,20240803
voice_control,5345000,1722600497292,1722633350746,UNKNOWN_DEVICE,20240802
siri,1438082,1754097340618,1754098804086,IPHONE,20250802
siri,1104925,1754011321734,1754012426575,IPHONE,20250801
siri,122739,1753189686539,1753194264879,IPHONE,20250722
siri,4295247,1752974539597,1753039556200,IPHONE,20250720
siri,2992114,1752887738754,1752947215660,IPHONE,20250719
siri,1433181,1752856377534,1752858464064,IPHONE,20250718
siri,1156999,1752196645934,1752197803025,IPHONE,20250711
siri,2883417,1752162280226,1752166350354,IPHONE,20250710
siri,4667036,1751764599173,1751834045087,IPHONE,20250706
siri,2377275,1751678210899,1751734419979,IPHONE,20250705
siri,1123586,1751592045714,1751593186763,IPHONE,20250704
siri,2167806,1751551396936,1751561544267,IPHONE,20250703
siri,4135629,1751159799550,1751229563955,IPHONE,20250629
siri,3672864,1751073199085,1751130574441,IPHONE,20250628
siri,6382280,1750986596128,1751042759606,IPHONE,20250627
siri,3321075,1750900540265,1750956561897,IPHONE,20250626
siri,1872497,1750867061790,1750870704495,IPHONE,20250625
siri,185598,1749954589230,1749954803334,IPHONE,20250615
siri,112663,1748826188406,1748826301069,IPHONE,20250602
siri,2004794,1748801922442,1748804199560,IPHONE,20250601
siri,1012975,1748653779035,1748654798596,IPHONE,20250531
siri,3481236,1748567782302,1748623927617,IPHONE,20250530
siri,3831067,1747962658214,1748018052718,IPHONE,20250523
siri,2829358,1747875791183,1747932725894,IPHONE,20250522
siri,2558991,1747830044282,1747845971720,IPHONE,20250521
siri,986704,1747271449919,1747272437416,IPHONE,20250515
siri,1447671,1746666144463,1746667590472,IPHONE,20250508
siri,2751339,1746620925660,1746636581619,IPHONE,20250507
siri,872709,1746534311281,1746535184278,IPHONE,20250506
siri,584861,1746448180586,1746448765776,IPHONE,20250505
siri,1599535,1746320733893,1746372194052,IPHONE,20250504
siri,2517594,1746234262341,1746289179129,IPHONE,20250503
siri,1670407,1746187572437,1746205117752,IPHONE,20250502
siri,1378175,1746061521237,1746062925126,IPHONE,20250501
siri,1562671,1746014665309,1746030191432,IPHONE,20250430
siri,3782241,1745929818606,1745958608648,IPHONE,20250429
siri,3130249,1745841977648,1745848116606,IPHONE,20250428
siri,3396538,1745715837379,1745785881740,IPHONE,20250427
siri,3947145,1745684103325,1745701153989,IPHONE,20250426
siri,3143917,1745584431919,1745599852989,IPHONE,20250425
siri,2204218,1745456924057,1745512946766,IPHONE,20250424
siri,2553664,1745347115312,1745354033983,IPHONE,20250422
siri,1823111,1744819501889,1744821350274,IPHONE,20250416
siri,72778,1744592583872,1744592656650,IPHONE,20250414
siri,3355666,1744506368602,1744562993724,IPHONE,20250413
siri,1311582,1744475096624,1744477215097,IPHONE,20250412
siri,2297275,1744334598149,1744390914409,IPHONE,20250411
siri,81444,1744288108830,1744288190274,IPHONE,20250410
siri,586612,1744202014412,1744202878949,IPHONE,20250409
siri,1554024,1744137932991,1744139696737,IPHONE,20250408
siri,925588,1744028767281,1744029871467,IPHONE,20250407
siri,2659962,1743901551513,1743970907521,IPHONE,20250406
siri,4950968,1743379615076,1743433922795,IPHONE,20250331
siri,40358,1743296591305,1743296631663,IPHONE,20250330
siri,1363527,1743266569477,1743267961810,IPHONE,20250329
siri,1172499,1743123821873,1743180871713,IPHONE,20250328
siri,1688974,1743037376817,1743094888095,IPHONE,20250327
siri,264803,1743008278324,1743008585110,IPHONE,20250326
siri,1629672,1742432941730,1742474190573,IPHONE,20250320
siri,4129407,1742346653484,1742403137622,IPHONE,20250319
siri,2859645,1742299631119,1742333554205,IPHONE,20250318
siri,1556292,1742087067443,1742154031829,IPHONE,20250316
siri,3777372,1742000768189,1742087067616,IPHONE,20250315
siri,69315,1741696448839,1741696518154,IPHONE,20250311
siri,1014058,1741568852977,1741569871038,IPHONE,20250310
siri,1231778,1741226685757,1741227993223,IPHONE,20250306
siri,1746774,1741180989646,1741197227847,IPHONE,20250305
siri,301964,1741095492886,1741097172138,IPHONE,20250304
siri,1922554,1740967445337,1741017728856,IPHONE,20250303
siri,1259326,1740881107933,1740882427582,IPHONE,20250302
siri,1090247,1740794894526,1740795984655,IPHONE,20250301
siri,6709496,1740700639163,1740764134634,IPHONE,20250228
siri,14009238,1740675327651,1740700639153,IPHONE,20250227
siri,3998304,1740576301114,1740592131541,IPHONE,20250226
siri,874831,1740363174361,1740401756675,IPHONE,20250224
siri,5388467,1740276171893,1740336729671,IPHONE,20250223
siri,2455605,1740190177771,1740247310272,IPHONE,20250222
siri,2577933,1740157955552,1740160574745,IPHONE,20250221
siri,876234,1739563310736,1739564186947,IPHONE,20250214
siri,2715900,1739066680315,1739123580981,IPHONE,20250209
siri,3512100,1738980399008,1739037802223,IPHONE,20250208
siri,2093760,1738776495858,1738807566924,IPHONE,20250205
siri,1336005,1738548156867,1738588997066,IPHONE,20250203
siri,197373,1738461766684,1738466016072,IPHONE,20250202
siri,2452248,1738425294346,1738432366680,IPHONE,20250201
siri,74084,1736946169832,1736947402202,IPHONE,20250115
siri,5213810,1736869373512,1736879513084,IPHONE,20250114
siri,955612,1731013572791,1731014528601,IPHONE,20241107
siri,698286,1729612832122,1729613546267,IPHONE,20241022
siri,2073806,1729257725290,1729265278398,IPHONE,20241018
siri,684402,1729006689988,1729007381921,IPHONE,20241015
siri,2253331,1728561823582,1728592507663,IPHONE,20241010
siri,2446318,1728137023447,1728139623982,IPHONE,20241005
siri,775751,1727882123586,1727882907007,IPHONE,20241002
siri,736686,1726674279575,1726675024500,IPHONE,20240918
siri,192342,1725919932173,1725920552568,IPHONE,20240909
siri,691538,1725562423901,1725563201036,IPHONE,20240905
siri,422361,1725021431104,1725021853953,IPHONE,20240830
siri,637148,1724934521304,1724935168448,IPHONE,20240829
siri,1069374,1724029543429,1724110451300,IPHONE,20240819
siri,691184,1724018165825,1724029542591,IPHONE,20240818
siri,3186521,1723815590527,1723829626621,IPHONE,20240816
siri,831663,1723627452356,1723672920608,IPHONE,20240814
siri,1363278,1723567412004,1723576319270,IPHONE,20240813
siri,1882078,1723460035442,1723495601910,IPHONE,20240812
siri,1309419,1723392864767,1723404600065,IPHONE,20240811
siri,861751,1723281433899,1723314138030,IPHONE,20240810
siri,1584082,1723144165616,1723145750201,IPHONE,20240808
siri,326097,1723050585765,1723050911723,IPHONE,20240807
siri,439648,1722935431223,1722935877967,IPHONE,20240806
siri,400532,1722854924802,1722855325139,IPHONE,20240805
siri,350471,1722793318793,1722793669318,IPHONE,20240804
search,380549,1754087392857,1754090805841,ANDROID,20250801
search,473453,1753372312453,1753383131725,ANDROID,20250724
search,302346,1753285049424,1753285781122,ANDROID,20250723
search,211974,1753217951582,1753218192246,ANDROID,20250722
search,645252,1753111498912,1753116273994,ANDROID,20250721
search,260701,1752630884106,1752679233422,ANDROID,20250716
search,129775,1752441428555,1752441775952,ANDROID,20250713
search,777953,1752334356781,1752339035198,ANDROID,20250712
search,336009,1752256873330,1752267563521,ANDROID,20250711
search,353131,1752172188125,1752172857511,ANDROID,20250710
search,800451,1752075970704,1752090932962,ANDROID,20250709
search,461429,1751915211006,1751916085160,ANDROID,20250707
search,119693,1751753352947,1751754021309,ANDROID,20250705
search,832362,1751634356984,1751638606643,ANDROID,20250704
search,776440,1751551254350,1751582130647,ANDROID,20250703
search,1155570,1751466232651,1751476653990,ANDROID,20250702
search,415788,1751073611767,1751142575069,ANDROID,20250628
search,710263,1751031097804,1751061547139,ANDROID,20250627
search,290054,1750944208554,1750945085712,ANDROID,20250626
search,323271,1750685630802,1750711659088,ANDROID,20250623
search,1486495,1750517385844,1750525144774,ANDROID,20250621
search,983591,1750381881995,1750438473961,ANDROID,20250620
search,398684,1750257938425,1750262706923,ANDROID,20250618
search,657732,1750176457327,1750197064470,ANDROID,20250617
search,853578,1749992512858,1749997848499,ANDROID,20250615
search,1520388,1749859692383,1749909658147,ANDROID,20250614
search,2315833,1749828040983,1749843741415,ANDROID,20250613
search,48671,1749744680319,1749744792063,ANDROID,20250612
search,482555,1749685625482,1749686325358,ANDROID,20250611
search,145538,1749562612539,1749562898070,ANDROID,20250610
search,2767538,1749477569677,1749502108340,ANDROID,20250609
search,4942969,1749345800174,1749424445284,ANDROID,20250608
search,1892858,1749313657193,1749339420542,ANDROID,20250607
search,266054,1749154419203,1749154700227,ANDROID,20250605
search,378538,1748792173705,1748792586567,ANDROID,20250601
search,82430,1748481831588,1748481927597,ANDROID,20250529
search,388516,1748474804030,1748476583696,ANDROID,20250528
search,682433,1748382671117,1748384467397,ANDROID,20250527
search,3245043,1748218459110,1748290968308,ANDROID,20250526
search,2601222,1748135636020,1748218413349,ANDROID,20250525
search,1302470,1748116361157,1748130651331,ANDROID,20250524
search,1381686,1747958532267,1748038029037,ANDROID,20250523
search,2708571,1747875898930,1747955148922,ANDROID,20250522
search,77029,1747790050757,1747790208015,ANDROID,20250521
search,607704,1747703783622,1747777035331,ANDROID,20250520
search,930855,1747614841777,1747690805353,ANDROID,20250519
search,3162143,1747582394081,1747614820366,ANDROID,20250518
search,3746550,1747440043866,1747507827185,ANDROID,20250517
search,2289634,1747354016425,1747440010177,ANDROID,20250516
search,1854537,1747267336146,1747347455432,ANDROID,20250515
search,1803154,1747183346684,1747266948940,ANDROID,20250514
search,595762,1747098506196,1747175458793,ANDROID,20250513
search,4895829,1747010352599,1747093643856,ANDROID,20250512
search,37659,1733949115736,1733949199694,ANDROID,20241211
search,180983,1733682022056,1733682428110,ANDROID,20241208
search,175000,1733533686584,1733534003514,ANDROID,20241207
search,823272,1732889163615,1732890033728,ANDROID,20241129
search,105903,1732383362960,1732383468863,ANDROID,20241123
search,171143,1732308626459,1732308797602,ANDROID,20241122
search,58583,1731893348018,1731893406601,ANDROID,20241118
search,1273579,1731868349347,1731870057957,ANDROID,20241117
search,294214,1731766208765,1731766878290,ANDROID,20241116
search,86382,1731634113674,1731634161849,ANDROID,20241115
search,73143,1731269235908,1731269460367,ANDROID,20241110
search,114681,1731021044511,1731021587444,ANDROID,20241107
search,299945,1730824698666,1730826753301,ANDROID,20241105
search,99271,1730566129627,1730566303649,ANDROID,20241102
search,113183,1730333067943,1730334433403,ANDROID,20241031
search,470069,1730071042443,1730072792161,ANDROID,20241027
search,88903,1729964921781,1729969294450,ANDROID,20241026
search,260706,1729889417627,1729890457194,ANDROID,20241025
search,616480,1729713924024,1729716129120,ANDROID,20241023
search,240349,1729543300979,1729543787973,ANDROID,20241021
search,1495140,1729443598767,1729452440755,ANDROID,20241020
search,40276,1729123556813,1729124270434,ANDROID,20241017
search,807206,1728827069414,1728828001653,ANDROID,20241013
search,1558534,1728740289282,1728769128028,ANDROID,20241012
search,1856318,1728225183274,1728260228445,ANDROID,20241006
search,814754,1728144629892,1728153242584,ANDROID,20241005
search,581738,1728000107950,1728001593239,ANDROID,20241004
search,726366,1727997741588,1727999601660,ANDROID,20241003
search,6893201,1724372410741,1724454409543,ANDROID,20240823
search,7970019,1724346714754,1724370727151,ANDROID,20240822
search,2886675,1724261176960,1724281155824,ANDROID,20240821
search,15745954,1724111437170,1724198157636,ANDROID,20240820
search,20083075,1724025397810,1724111252669,ANDROID,20240819
search,6865594,1724015871220,1724025395377,ANDROID,20240818
search,242000,1723936677979,1723936919979,ANDROID,20240817
search,112343,1723822292599,1723822404942,ANDROID,20240816
search,90383,1723735985167,1723736075550,ANDROID,20240815
search,526846,1723671873703,1723672937620,ANDROID,20240814
search,590820,1723586674816,1723588265631,ANDROID,20240813
search,281893,1723422025866,1723475581178,"IPHONE, ANDROID",20240812
search,74819,1723417181777,1723417314303,IPHONE,20240811
search,227040,1723130287449,1723130519123,ANDROID,20240808
search,346533,1723045878781,1723046662404,ANDROID,20240807
search,217492,1722903986796,1722904204288,ANDROID,20240806
search,368998,1722898846310,1722900390966,ANDROID,20240805
search,130943,1722644494009,1722644624952,ANDROID,20240803
now_playing,367643,1753471435263,1753472315831,ANDROID,20250725
now_playing,807946,1753326208926,1753383566533,ANDROID,20250724
now_playing,356749,1753237866080,1753285770853,ANDROID,20250723
now_playing,142319,1753217967715,1753222357954,ANDROID,20250722
now_playing,2815936,1753110929070,1753117886925,ANDROID,20250721
now_playing,214289,1752979329021,1752979920186,ANDROID,20250720
now_playing,645432,1752629779608,1752683902164,ANDROID,20250716
now_playing,849191,1752611314978,1752613723016,ANDROID,20250715
now_playing,529727,1752440486942,1752450750981,ANDROID,20250713
now_playing,2741969,1752334454763,1752341219175,ANDROID,20250712
now_playing,3740859,1752107072824,1752176633301,ANDROID,20250710
now_playing,2802275,1752073270530,1752090962488,ANDROID,20250709
now_playing,491799,1751915211308,1751916091393,ANDROID,20250707
now_playing,747326,1751752461278,1751754021914,ANDROID,20250705
now_playing,1875199,1751634087601,1751640796883,ANDROID,20250704
now_playing,2041712,1751548961278,1751582335361,ANDROID,20250703
now_playing,2187395,1751466235383,1751483907900,ANDROID,20250702
now_playing,1038368,1751202488889,1751229966424,ANDROID,20250629
now_playing,806941,1751073891635,1751142574547,ANDROID,20250628
now_playing,619256,1751031417119,1751061641958,ANDROID,20250627
now_playing,1089234,1750685701601,1750708132324,ANDROID,20250623
now_playing,30617,1750552881210,1750552911827,ANDROID,20250622
now_playing,3541267,1750517233839,1750537536605,ANDROID,20250621
now_playing,3043046,1750377430124,1750457579649,ANDROID,20250620
now_playing,3510112,1750351750155,1750376348526,ANDROID,20250619
now_playing,625372,1750287726405,1750289946037,ANDROID,20250618
now_playing,710303,1750181559557,1750202289642,ANDROID,20250617
now_playing,1284430,1749992513532,1749997873539,ANDROID,20250615
now_playing,2766912,1749859922759,1749926654262,ANDROID,20250614
now_playing,5358644,1749828107770,1749852324344,ANDROID,20250613
now_playing,490425,1749686890171,1749746920791,ANDROID,20250612
now_playing,354121,1749685413161,1749686125972,ANDROID,20250611
now_playing,1283830,1749562343275,1749586567768,ANDROID,20250610
now_playing,3582961,1749474378266,1749491659813,ANDROID,20250609
now_playing,11831584,1749340750885,1749427157983,ANDROID,20250608
now_playing,4546200,1749313479054,1749340717266,ANDROID,20250607
now_playing,137197,1749162024973,1749162162170,ANDROID,20250605
now_playing,315403,1748984444999,1748984848618,ANDROID,20250603
now_playing,55025,1748823194973,1748823249998,ANDROID,20250602
now_playing,726815,1748791924767,1748801550627,ANDROID,20250601
now_playing,843529,1748474889372,1748476541732,ANDROID,20250528
now_playing,1184445,1748382153228,1748384465947,ANDROID,20250527
now_playing,2699327,1748217888860,1748292290907,ANDROID,20250526
now_playing,4634837,1748132113824,1748208381290,ANDROID,20250525
now_playing,1825802,1748116298700,1748130381476,ANDROID,20250524
now_playing,1403292,1747959063864,1748037832010,ANDROID,20250523
now_playing,3777123,1747875880201,1747955108070,ANDROID,20250522
now_playing,465542,1747790105430,1747863677213,ANDROID,20250521
now_playing,1245765,1747703890137,1747776763034,ANDROID,20250520
now_playing,552634,1747614852875,1747691121004,ANDROID,20250519
now_playing,3228215,1747582342785,1747612704177,ANDROID,20250518
now_playing,4033947,1747440202700,1747507826435,ANDROID,20250517
now_playing,2547635,1747354029570,1747439745807,ANDROID,20250516
now_playing,2765383,1747267842794,1747353275448,ANDROID,20250515
now_playing,1597815,1747184378575,1747265699948,ANDROID,20250514
now_playing,1575347,1747095046498,1747174082993,ANDROID,20250513
now_playing,3572569,1747012860447,1747094131003,ANDROID,20250512
now_playing,156361,1746400398059,1746400554420,IPHONE,20250504
now_playing,78259,1734528324251,1734535327172,IPHONE,20241218
now_playing,70232,1733949112785,1733949183017,ANDROID,20241211
now_playing,562420,1733682251693,1733694456295,ANDROID,20241208
now_playing,287058,1733533698867,1733534001630,ANDROID,20241207
now_playing,50332,1733013032219,1733013082551,ANDROID,20241201
now_playing,570632,1732890352799,1732891426027,ANDROID,20241129
now_playing,97752,1731255599575,1731255704320,ANDROID,20241110
now_playing,183599,1730824698820,1730824963772,ANDROID,20241105
now_playing,263385,1730403053804,1730403965855,ANDROID,20241031
now_playing,66884,1730329013641,1730329080525,ANDROID,20241030
now_playing,64406,1729964847371,1729964911777,ANDROID,20241026
now_playing,3358739,1729787159676,1729790578192,IPHONE,20241024
now_playing,365252,1728740382441,1728769129404,ANDROID,20241012
now_playing,33495,1728686468629,1728686502124,ANDROID,20241011
now_playing,347390,1727999928069,1728001801826,ANDROID,20241004
now_playing,564253,1727997137265,1727999596834,ANDROID,20241003
now_playing,330661,1724371055420,1724372854399,ANDROID,20240823
now_playing,46313,1724260805636,1724260851949,ANDROID,20240821
now_playing,60140,1723987409268,1723987469408,ANDROID,20240818
now_playing,319484,1723936584363,1723938442680,ANDROID,20240817
now_playing,110929,1723822293421,1723822404350,ANDROID,20240816
now_playing,188088,1723672210828,1723672398916,ANDROID,20240814
now_playing,324554,1723563183048,1723586908916,ANDROID,20240813
now_playing,146405,1723422084458,1723467677934,ANDROID,20240812
now_playing,106093,1723308669093,1723333714068,ANDROID,20240810
now_playing,701204,1723045880980,1723046651131,ANDROID,20240807
now_playing,383928,1722903481593,1722903903466,ANDROID,20240806
now_playing,109509,1722899925754,1722900252440,ANDROID,20240805
now_playing,403421,1722643205556,1722643884222,ANDROID,20240803
home,34947,1753492380413,1753492415360,IPHONE,20250726
home,669394,1749953869521,1749954538864,IPHONE,20250615
home,2786772,1749863789650,1749923234088,IPHONE,20250614
home,3507435,1749777148408,1749833161120,IPHONE,20250613
home,4704797,1749690652206,1749746694743,IPHONE,20250612
home,7046984,1749601586155,1749669069935,IPHONE,20250611
home,1396252,1749517550233,1749519104504,IPHONE,20250610
home,3794647,1749483124297,1749501524275,IPHONE,20250609
home,1666103,1746448784570,1746481309522,IPHONE,20250505
home,2041633,1746147887171,1746204439102,IPHONE,20250502
home,3222925,1746102587255,1746114911627,IPHONE,20250501
home,88443,1743901421144,1743901509587,IPHONE,20250406
home,3417336,1743814973446,1743871996340,IPHONE,20250405
home,6035058,1743728659437,1743788535682,IPHONE,20250404
home,2523536,1743683019147,1743698654072,IPHONE,20250403
home,1331752,1743597165783,1743612177236,IPHONE,20250402
home,1600049,1742992310243,1743008259744,IPHONE,20250326
home,1127785,1742839925516,1742859551476,IPHONE,20250324
home,990521,1742747665615,1742748666946,IPHONE,20250323
home,1946021,1742605387265,1742661701773,IPHONE,20250322
home,3338126,1742560047739,1742576013131,IPHONE,20250321
home,2599683,1742474198383,1742489165216,IPHONE,20250320
home,254093,1741568588434,1741568842263,IPHONE,20250310
home,3044835,1741485793723,1741538529157,IPHONE,20250309
home,1732044,1741446944101,1741456803685,IPHONE,20250308
home,5001743,1741312949488,1741383468224,IPHONE,20250307
home,2790547,1741267681169,1741282998883,IPHONE,20250306
home,3837017,1740403115587,1740428972624,IPHONE,20250224
home,498651,1736340071953,1736340646488,IPHONE,20250108
"search / artist_detail / album_detail",1325313,1753924791460,1753926127552,IPHONE,20250731
"search / artist_detail / album_detail",1562558,1753406173791,1753472019341,"IPHONE, ANDROID",20250725
"search / artist_detail / album_detail",2241942,1753320415632,1753375878220,"IPHONE, ANDROID",20250724
"search / artist_detail / album_detail",1315614,1753237878703,1753292771802,"IPHONE, ANDROID",20250723
"search / artist_detail / album_detail",1080016,1753194266086,1753196540310,IPHONE,20250722
"search / artist_detail / album_detail",564198,1753110931376,1753118024578,ANDROID,20250721
"search / artist_detail / album_detail",41603,1752979319612,1752979431973,ANDROID,20250720
"search / artist_detail / album_detail",969545,1752680053795,1752681050139,ANDROID,20250716
"search / artist_detail / album_detail",35528,1752442101074,1752442378787,ANDROID,20250713
"search / artist_detail / album_detail",71933,1752267288736,1752267425575,ANDROID,20250711
"search / artist_detail / album_detail",333796,1752171810373,1752172162567,ANDROID,20250710
"search / artist_detail / album_detail",167105,1751930662974,1751930949335,ANDROID,20250707
"search / artist_detail / album_detail",139847,1751636435947,1751639566003,ANDROID,20250704
"search / artist_detail / album_detail",2999176,1750861013558,1750867061492,IPHONE,20250625
"search / artist_detail / album_detail",190908,1750723517005,1750730321177,ANDROID,20250624
"search / artist_detail / album_detail",250431,1750685985546,1750708509510,ANDROID,20250623
"search / artist_detail / album_detail",357974,1750381340789,1750448172237,ANDROID,20250620
"search / artist_detail / album_detail",497970,1750370955454,1750373146325,ANDROID,20250619
"search / artist_detail / album_detail",349238,1749860487120,1749914347880,ANDROID,20250614
"search / artist_detail / album_detail",548533,1749835076586,1749845662889,ANDROID,20250613
"search / artist_detail / album_detail",462517,1749579891542,1749580612330,ANDROID,20250610
"search / artist_detail / album_detail",273866,1749479345546,1749479673251,ANDROID,20250609
"search / artist_detail / album_detail",1287663,1749398258889,1749425844036,ANDROID,20250608
"search / artist_detail / album_detail",287692,1748381997010,1748382338012,ANDROID,20250527
"search / artist_detail / album_detail",100003,1748205470828,1748205591418,ANDROID,20250525
"search / artist_detail / album_detail",847325,1747770056424,1747772378407,ANDROID,20250520
"search / artist_detail / album_detail",223180,1747440539180,1747492477214,ANDROID,20250517
"search / artist_detail / album_detail",325353,1747436053023,1747436391640,ANDROID,20250516
"search / artist_detail / album_detail",99635,1747339822703,1747350283862,ANDROID,20250515
"search / artist_detail / album_detail",762429,1747224642854,1747260455279,"IPHONE, ANDROID",20250514
"search / artist_detail / album_detail",915917,1747143202204,1747174403923,"IPHONE, ANDROID",20250513
"search / artist_detail / album_detail",147039,1747013320068,1747082892596,ANDROID,20250512
"search / artist_detail / album_detail",552167,1745324894920,1745326488848,IPHONE,20250422
"search / artist_detail / album_detail",3536626,1745110985524,1745191270456,IPHONE,20250420
"search / artist_detail / album_detail",3070429,1745024611355,1745081195557,IPHONE,20250419
"search / artist_detail / album_detail",1671477,1744993309461,1744994981485,IPHONE,20250418
"search / artist_detail / album_detail",1897972,1738517435655,1738519419332,IPHONE,20250202
"search / artist_detail / album_detail",1218793,1738375542038,1738376844767,IPHONE,20250201
"search / artist_detail / album_detail",2842045,1738329626207,1738346321730,IPHONE,20250131
"search / artist_detail / album_detail",1902871,1738203971809,1738259825623,IPHONE,20250130
"search / artist_detail / album_detail",2432455,1738155740753,1738191223259,IPHONE,20250129
"search / artist_detail / album_detail",819263,1738029749619,1738031184268,IPHONE,20250128
"search / artist_detail / album_detail",3492209,1737943389454,1738000873718,IPHONE,20250127
"search / artist_detail / album_detail",3165862,1737857041847,1737914389171,IPHONE,20250126
"search / artist_detail / album_detail",1686514,1737826132291,1737827819548,IPHONE,20250125
"search / artist_detail / album_detail",184000,1734527184055,1734527368055,IPHONE,20241218
"search / artist_detail / album_detail",237770,1734095409924,1734095657241,IPHONE,20241213
"search / artist_detail / album_detail",147103,1732308232909,1732308380012,ANDROID,20241122
"search / artist_detail / album_detail",191715,1731532978266,1731533263641,ANDROID,20241113
"search / artist_detail / album_detail",121503,1730475149007,1730476674127,ANDROID,20241101
"search / artist_detail / album_detail",3533436,1729783384349,1729787159721,IPHONE,20241024
"search / artist_detail / album_detail",536462,1724372651357,1724421461270,ANDROID,20240823
"search / artist_detail / album_detail",137303,1724254315192,1724254463310,ANDROID,20240821
"search / artist_detail / album_detail",139428,1724167900794,1724176581839,ANDROID,20240820
"search / artist_detail / album_detail",84483,1724081802636,1724081887119,ANDROID,20240819
"search / artist_detail / album_detail",124246,1723940446280,1724010266161,ANDROID,20240818
"search / artist_detail / album_detail",840629,1723935640800,1723938459038,ANDROID,20240817
"search / artist_detail / album_detail",101027,1723839260404,1723846308798,ANDROID,20240816
"search / artist_detail / album_detail",369000,1723670389050,1723672627307,ANDROID,20240814
"search / artist_detail / album_detail",278703,1723559427847,1723587194210,ANDROID,20240813
"search / artist_detail / album_detail",694882,1723157962090,1723158815915,ANDROID,20240808
"search / artist_detail / album_detail",513766,1722899036957,1722900557747,ANDROID,20240805
"search / artist_detail / album_detail",493326,1722643901918,1722644793376,ANDROID,20240803
"search / album_detail",364002,1752339674867,1752340134282,ANDROID,20250712
"search / album_detail",136849,1752173622431,1752173759280,ANDROID,20250710
"search / album_detail",82580,1752087961142,1752088092767,ANDROID,20250709
"search / album_detail",176995,1751570379347,1751582334821,ANDROID,20250703
"search / album_detail",5071498,1750555024409,1750624374001,IPHONE,20250622
"search / album_detail",2470714,1750469015674,1750522781971,IPHONE,20250621
"search / album_detail",3739964,1750383146253,1750435466353,IPHONE,20250620
"search / album_detail",2692898,1750295979272,1750351931131,IPHONE,20250619
"search / album_detail",6980937,1750204639377,1750265520790,IPHONE,20250618
"search / album_detail",542593,1750204097154,1750204639482,IPHONE,20250617
"search / album_detail",3831564,1749954804878,1750030867572,IPHONE,20250615
"search / album_detail",37653,1749562574016,1749562611669,ANDROID,20250610
"search / album_detail",190094,1749410117228,1749410884941,ANDROID,20250608
"search / album_detail",353399,1748801138769,1748801584793,ANDROID,20250601
"search / album_detail",173154,1748734378208,1748734552456,ANDROID,20250531
"search / album_detail",3706704,1748480793766,1748536651381,"IPHONE, ANDROID",20250529
"search / album_detail",2607237,1748390905323,1748444096628,"IPHONE, ANDROID",20250528
"search / album_detail",2400967,1748135032940,1748205559560,IPHONE,20250525
"search / album_detail",1982583,1748100761491,1748105000441,IPHONE,20250524
"search / album_detail",34056,1747704377238,1747704411846,ANDROID,20250520
"search / album_detail",35716,1747269477473,1747269605700,ANDROID,20250515
"search / album_detail",3058479,1737386829995,1737389897260,MACINTOSH,20250120
"search / album_detail",70220,1736255046294,1736255130875,IPHONE,20250107
"search / album_detail",1682551,1735929735814,1735935038022,IPHONE,20250103
"search / album_detail",2237437,1735829951893,1735845001174,IPHONE,20250102
"search / album_detail",1516288,1735673422765,1735675705889,IPHONE,20241231
"search / album_detail",145829,1729452450764,1729452657807,ANDROID,20241020
"search / album_detail",327788,1728948735955,1728949135963,ANDROID,20241014
"search / album_detail",725614,1724252266216,1724261114478,ANDROID,20240821
"search / album_detail",697513,1724165467912,1724196442915,ANDROID,20240820
"search / album_detail",218040,1723671076322,1723671306553,ANDROID,20240814
"search / album_detail",233160,1723320953221,1723330136393,ANDROID,20240810
"search / album_detail",327703,1722644090231,1722718743611,ANDROID,20240803
"search / artist_detail / album_detail / album_detail",99448,1753326041329,1753326140777,ANDROID,20250724
"search / artist_detail / album_detail / album_detail",223985,1753113610720,1753116569097,ANDROID,20250721
"search / artist_detail / album_detail / album_detail",156858,1752979959847,1752980222061,ANDROID,20250720
"search / artist_detail / album_detail / album_detail",347260,1752450322346,1752450984319,ANDROID,20250713
"search / artist_detail / album_detail / album_detail",1706909,1752335735421,1752347418835,ANDROID,20250712
"search / artist_detail / album_detail / album_detail",2085427,1752107524223,1752184114635,ANDROID,20250710
"search / artist_detail / album_detail / album_detail",912824,1752073243991,1752084292761,ANDROID,20250709
"search / artist_detail / album_detail / album_detail",36199,1751930604153,1751930653705,ANDROID,20250707
"search / artist_detail / album_detail / album_detail",814725,1751745156122,1751752677520,ANDROID,20250705
"search / artist_detail / album_detail / album_detail",345712,1751635901545,1751644866932,ANDROID,20250704
"search / artist_detail / album_detail / album_detail",1701020,1751564883547,1751576660147,ANDROID,20250703
"search / artist_detail / album_detail / album_detail",302758,1751482193074,1751484108079,ANDROID,20250702
"search / artist_detail / album_detail / album_detail",928680,1751203990988,1751229965725,ANDROID,20250629
"search / artist_detail / album_detail / album_detail",609426,1751071015723,1751128942048,ANDROID,20250628
"search / artist_detail / album_detail / album_detail",833239,1751047477380,1751062442340,ANDROID,20250627
"search / artist_detail / album_detail / album_detail",1464252,1750708146842,1750714713450,ANDROID,20250623
"search / artist_detail / album_detail / album_detail",1235614,1750519786120,1750537795171,ANDROID,20250621
"search / artist_detail / album_detail / album_detail",1472013,1750379799404,1750447268870,ANDROID,20250620
"search / artist_detail / album_detail / album_detail",2573081,1750351613096,1750371235248,ANDROID,20250619
"search / artist_detail / album_detail / album_detail",38558,1749998121540,1749998181353,ANDROID,20250615
"search / artist_detail / album_detail / album_detail",2004379,1749860690796,1749926763486,ANDROID,20250614
"search / artist_detail / album_detail / album_detail",1347654,1749827556768,1749853812523,ANDROID,20250613
"search / artist_detail / album_detail / album_detail",1071337,1749686422469,1749746923785,ANDROID,20250612
"search / artist_detail / album_detail / album_detail",1807985,1749561674621,1749583151854,ANDROID,20250610
"search / artist_detail / album_detail / album_detail",419468,1749482363928,1749482920267,ANDROID,20250609
"search / artist_detail / album_detail / album_detail",3091997,1749345736271,1749425745064,ANDROID,20250608
"search / artist_detail / album_detail / album_detail",1796617,1749335723144,1749340752375,ANDROID,20250607
"search / artist_detail / album_detail / album_detail",1934190,1748203690780,1748209467755,ANDROID,20250525
"search / artist_detail / album_detail / album_detail",1100356,1747943587225,1747947163208,ANDROID,20250522
"search / artist_detail / album_detail / album_detail",154614,1747787558318,1747790319381,ANDROID,20250521
"search / artist_detail / album_detail / album_detail",84008,1747777475352,1747787549265,ANDROID,20250520
"search / artist_detail / album_detail / album_detail",506612,1747616072105,1747689783616,ANDROID,20250519
"search / artist_detail / album_detail / album_detail",4162678,1747582659129,1747612720628,ANDROID,20250518
"search / artist_detail / album_detail / album_detail",2653894,1747441996011,1747503298875,ANDROID,20250517
"search / artist_detail / album_detail / album_detail",3385384,1747353949935,1747434721900,ANDROID,20250516
"search / artist_detail / album_detail / album_detail",1952513,1747339945968,1747353848106,ANDROID,20250515
"search / artist_detail / album_detail / album_detail",210904,1747260460824,1747260808773,ANDROID,20250514
"search / artist_detail / see_all / album_detail",5530081,1749427221886,1749433204535,IPHONE,20250609
"search / artist_detail / see_all / album_detail",4834503,1749345652581,1749427222018,IPHONE,20250608
"search / artist_detail / see_all / album_detail",1930641,1749313079947,1749315015143,IPHONE,20250607
"search / artist_detail / see_all / album_detail",3982170,1749171900041,1749228591100,IPHONE,20250606
"search / artist_detail / see_all / album_detail",4151587,1749085470724,1749143493558,IPHONE,20250605
"search / artist_detail / see_all / album_detail",2647262,1749039109864,1749055885859,IPHONE,20250604
"search / artist_detail / see_all / album_detail",683055,1748952800834,1748954655083,IPHONE,20250603
"search / artist_detail / see_all / album_detail",4849662,1748826302561,1748897698680,IPHONE,20250602
"search / artist_detail / see_all / album_detail",3618709,1746839417834,1746896057669,IPHONE,20250510
"search / artist_detail / see_all / album_detail",3142516,1746752534258,1746810332707,IPHONE,20250509
"search / artist_detail / see_all / album_detail",2617941,1746707390167,1746722407780,IPHONE,20250508
"search / artist_detail / see_all / album_detail",52924,1746448115470,1746448168394,IPHONE,20250505
"search / artist_detail / see_all / album_detail",2948985,1746372195743,1746401201150,IPHONE,20250504
"search / artist_detail / see_all / album_detail",1948172,1743296633348,1743353768098,IPHONE,20250330
"home / album_detail",6173975,1751466690571,1751478544374,IPHONE,20250702
"home / album_detail",3038279,1751384536889,1751387613508,IPHONE,20250701
"home / album_detail",3193136,1737722568286,1737758543868,IPHONE,20250124
"home / album_detail",3372603,1737632067868,1737668040068,IPHONE,20250123
"home / album_detail",1269182,1737338743921,1737340176849,IPHONE,20250120
"home / album_detail",2592469,1737252836392,1737309227744,IPHONE,20250119
"home / album_detail",2649949,1737217776273,1737223099408,IPHONE,20250118
"home / album_detail",4132645,1737116661309,1737149748629,IPHONE,20250117
"home / album_detail",2765363,1736992970312,1737063154194,IPHONE,20250116
"home / album_detail",3242991,1736947428781,1736964255974,IPHONE,20250115
"search / artist_detail",253067,1753472049714,1753472340647,ANDROID,20250725
"search / artist_detail",360031,1753111734191,1753112208560,ANDROID,20250721
"search / artist_detail",516317,1752683079628,1752683900318,ANDROID,20250716
"search / artist_detail",399514,1752611359423,1752612835349,ANDROID,20250715
"search / artist_detail",185234,1752337768005,1752337997561,ANDROID,20250712
"search / artist_detail",779699,1752108342859,1752173333775,ANDROID,20250710
"search / artist_detail",184762,1752088745673,1752088969465,ANDROID,20250709
"search / artist_detail",669861,1751636687298,1751640448370,ANDROID,20250704
"search / artist_detail",103103,1751573686945,1751573907851,ANDROID,20250703
"search / artist_detail",232700,1751202888819,1751203224514,ANDROID,20250629
"search / artist_detail",534601,1750711666015,1750715840180,ANDROID,20250623
"search / artist_detail",1130399,1750517229363,1750544522303,ANDROID,20250621
"search / artist_detail",1446849,1750377740663,1750448227530,ANDROID,20250620
"search / artist_detail",444254,1750370071764,1750377616508,ANDROID,20250619
"search / artist_detail",368710,1750287720169,1750289945044,ANDROID,20250618
"search / artist_detail",252078,1750181567497,1750196647910,ANDROID,20250617
"search / artist_detail",1314286,1749907480792,1749926655717,ANDROID,20250614
"search / artist_detail",629914,1749829399711,1749836687568,ANDROID,20250613
"search / artist_detail",176841,1749686867906,1749687110518,ANDROID,20250612
"search / artist_detail",119771,1749685238845,1749685537136,ANDROID,20250611
"search / artist_detail",380156,1749584907837,1749586582931,ANDROID,20250610
"search / artist_detail",850324,1749481244054,1749484861186,ANDROID,20250609
"search / artist_detail",903544,1749407406024,1749412468027,ANDROID,20250608
"search / artist_detail",1550637,1749313754396,1749333478792,ANDROID,20250607
"search / artist_detail",1063652,1748220886641,1748281211874,ANDROID,20250526
"search / artist_detail",1343544,1748201570749,1748203234471,ANDROID,20250525
"search / artist_detail",225188,1747950652405,1747951099291,ANDROID,20250522
"search / artist_detail",243899,1747863217160,1747863679809,ANDROID,20250521
"search / artist_detail",203389,1747771110723,1747771320505,ANDROID,20250520
"search / artist_detail",77431,1747597011435,1747598096602,ANDROID,20250518
"search / artist_detail",819809,1747491712728,1747506099601,ANDROID,20250517
"search / artist_detail",1392269,1747267589427,1747272288891,ANDROID,20250515
"search / artist_detail",875181,1747261199774,1747267204488,ANDROID,20250514
"search / artist_detail",1021913,1747094714529,1747174298289,ANDROID,20250513
"search / artist_detail",903805,1747080288079,1747092053264,ANDROID,20250512
"search / artist_detail",128103,1733013019261,1733013147364,ANDROID,20241201
"search / artist_detail",803315,1727998023064,1727999312494,ANDROID,20241003
"search / artist_detail",346967,1724932955288,1724934512522,IPHONE,20240829
"search / artist_detail",432294,1724634162079,1724634594546,IPHONE,20240826
"search / artist_detail",331873,1724519369544,1724519701824,IPHONE,20240824
"search / artist_detail",252000,1724372150844,1724372402844,ANDROID,20240823
"search / artist_detail",451694,1724337946204,1724338397755,IPHONE,20240822
"search / artist_detail",37943,1723991231502,1723991269445,ANDROID,20240818
"search / artist_detail",197000,1723586454121,1723586651121,ANDROID,20240813
"search / artist_detail",30454,1723417018667,1723417061453,IPHONE,20240811
"search / artist_detail",338274,1722903477414,1722903955090,ANDROID,20240806
"search / artist_detail",142968,1722899437492,1722899580460,ANDROID,20240805
"search / artist_detail",53103,1722790798610,1722790851713,ANDROID,20240804
"search / artist_detail",155000,1722644821827,1722644976827,ANDROID,20240803
"search / catalog / see_all / album_detail",1447095,1752801422048,1752856345083,IPHONE,20250718
"search / catalog / see_all / album_detail",3040569,1752714944438,1752770634960,IPHONE,20250717
"search / catalog / see_all / album_detail",1710696,1752686113182,1752687823643,IPHONE,20250716
"search / catalog / see_all / album_detail",1523266,1752540870793,1752583821041,IPHONE,20250715
"search / catalog / see_all / album_detail",8844256,1752519706252,1752540870725,IPHONE,20250714
"search / catalog / see_all / album_detail",1429390,1752369259134,1752416374571,IPHONE,20250713
"search / catalog / see_all / album_detail",3172135,1752283168691,1752338876752,IPHONE,20250712
"search / catalog / see_all / album_detail",511471,1750716804564,1750717316557,IPHONE,20250623
"search / artist_detail / room / album_detail",149314,1752423883389,1752424041871,ANDROID,20250713
"search / artist_detail / room / album_detail",384765,1752107003026,1752107511665,ANDROID,20250710
"search / artist_detail / room / album_detail",447308,1752084582213,1752085080671,ANDROID,20250709
"search / artist_detail / room / album_detail",271248,1751731050769,1751753129987,ANDROID,20250705
"search / artist_detail / room / album_detail",1531099,1751636746731,1751651353224,ANDROID,20250704
"search / artist_detail / room / album_detail",167588,1751573908236,1751574197245,ANDROID,20250703
"search / artist_detail / room / album_detail",129585,1751483642047,1751483779176,ANDROID,20250702
"search / artist_detail / room / album_detail",894282,1750685439818,1750715196112,ANDROID,20250623
"search / artist_detail / room / album_detail",115571,1750555016483,1750555132054,ANDROID,20250622
"search / artist_detail / room / album_detail",314226,1750512797612,1750524931535,ANDROID,20250621
"search / artist_detail / room / album_detail",200109,1750430134787,1750447937821,ANDROID,20250620
"search / artist_detail / room / album_detail",1572691,1750367445178,1750372620997,ANDROID,20250619
"search / artist_detail / room / album_detail",288664,1749860335133,1749925426790,ANDROID,20250614
"search / artist_detail / room / album_detail",776914,1749836448672,1749841273944,ANDROID,20250613
"search / artist_detail / room / album_detail",129049,1749687155018,1749687290064,ANDROID,20250612
"search / artist_detail / room / album_detail",312521,1749401490451,1749412967542,ANDROID,20250608
"search / artist_detail / room / album_detail",311610,1749162514829,1749162826439,ANDROID,20250605
"search / artist_detail / room / album_detail",1390335,1748802113449,1748803584729,ANDROID,20250601
"search / artist_detail / room / album_detail",1333865,1748266331508,1748304143978,ANDROID,20250526
"search / artist_detail / room / album_detail",648943,1748200218520,1748212604216,ANDROID,20250525
"search / artist_detail / room / album_detail",219888,1747960970792,1747961231575,ANDROID,20250523
"search / artist_detail / room / album_detail",46863,1747690825258,1747690899112,ANDROID,20250519
"search / artist_detail / room / album_detail",441786,1747584627471,1747585152689,ANDROID,20250518
"search / artist_detail / room / album_detail",544823,1747498079676,1747507432388,ANDROID,20250517
"search / artist_detail / room / album_detail",93971,1747355517610,1747439202442,ANDROID,20250516
"search / artist_detail / room / album_detail",321127,1747268598138,1747341149667,ANDROID,20250515
"search / artist_detail / room / album_detail",36499,1747263415192,1747263451975,ANDROID,20250514
"search / artist_detail / room / album_detail",389727,1747094311339,1747094712546,ANDROID,20250513
"search / artist_detail / room / album_detail",1226281,1747087334274,1747094310284,ANDROID,20250512
"search / artist_detail / room / album_detail",97566,1730323725826,1730329079828,ANDROID,20241030
"search / artist_detail / room / album_detail",801074,1729543829362,1729545368983,ANDROID,20241021
"search / artist_detail / room / album_detail",231877,1728748832081,1728749117928,ANDROID,20241012
"search / artist_detail / room / album_detail",337863,1724258944312,1724259293098,ANDROID,20240821
"search / artist_detail / room / album_detail",418286,1724194718063,1724195337554,ANDROID,20240820
"search / artist_detail / room / album_detail",54343,1723987401037,1723987469902,ANDROID,20240818
"search / artist_detail / room / album_detail",287395,1723927000632,1723935603382,ANDROID,20240817
"search / artist_detail / room / album_detail",355423,1723670177346,1723672424520,ANDROID,20240814
"search / artist_detail / room / album_detail",271623,1723559844758,1723588685756,ANDROID,20240813
"search / catalog / playlist_detail",898348,1747743970111,1747745712925,IPHONE,20250520
"search / catalog / playlist_detail",2127132,1747656094756,1747679296899,IPHONE,20250519
"search / catalog / playlist_detail",2720577,1747530219887,1747576626885,IPHONE,20250518
"search / catalog / playlist_detail",4598091,1747443798579,1747499543940,IPHONE,20250517
"search / catalog / playlist_detail",1818545,1747412591475,1747414453030,IPHONE,20250516
"search / catalog / playlist_detail",3083405,1747311520832,1747317951253,IPHONE,20250515
"search / playlist_detail",79169,1752979624664,1752979703833,ANDROID,20250720
"search / playlist_detail",686975,1752336129821,1752340516940,ANDROID,20250712
"search / playlist_detail",192811,1751634211834,1751635379957,ANDROID,20250704
"search / playlist_detail",220383,1749829061215,1749829351329,ANDROID,20250613
"search / playlist_detail",114050,1749393919682,1749406747150,ANDROID,20250608
"search / playlist_detail",64347,1749336091665,1749336156012,ANDROID,20250607
"search / playlist_detail",131854,1748222871240,1748223003094,ANDROID,20250526
"search / playlist_detail",164831,1747962158701,1747962561051,ANDROID,20250523
"search / playlist_detail",38979,1747952867521,1747952931951,ANDROID,20250522
"search / playlist_detail",1032158,1747493507667,1747495581763,ANDROID,20250517
"search / playlist_detail",216082,1747438738896,1747439158422,ANDROID,20250516
"search / playlist_detail",61931,1734797404372,1734806196071,IPHONE,20241221
"search / playlist_detail",257960,1734646659811,1734650257869,IPHONE,20241219
"search / playlist_detail",213201,1734527382516,1734527625564,IPHONE,20241218
"search / playlist_detail",168515,1734095747416,1734095915931,IPHONE,20241213
"search / playlist_detail",317903,1733692990706,1733693314963,ANDROID,20241208
"search / playlist_detail",88263,1728660785721,1728660873984,ANDROID,20241011
"search / playlist_detail",611469,1728000861681,1728001802008,ANDROID,20241004
"search / playlist_detail",1108906,1727996787183,1727999870088,ANDROID,20241003
"search / playlist_detail",360652,1724371224084,1724427388307,ANDROID,20240823
"search / playlist_detail",343390,1724340825031,1724371217003,ANDROID,20240822
"search / playlist_detail",1052389,1724253643206,1724261864859,ANDROID,20240821
"search / playlist_detail",495763,1724112454851,1724198323818,ANDROID,20240820
"search / playlist_detail",512623,1723906514017,1723936245498,ANDROID,20240817
"search / playlist_detail",492046,1723671317364,1723671842030,ANDROID,20240814
"search / playlist_detail",1688405,1723587433800,1723590150123,ANDROID,20240813
"search / playlist_detail",652445,1723131035110,1723137482223,ANDROID,20240808
"search / playlist_detail",1234715,1722643184845,1722719475359,ANDROID,20240803
"search / artist_detail / room / album_detail / album_detail",117419,1753471467852,1753471585205,ANDROID,20250725
"search / artist_detail / room / album_detail / album_detail",78194,1753114563617,1753114759156,ANDROID,20250721
"search / artist_detail / room / album_detail / album_detail",928283,1752184116890,1752186777824,ANDROID,20250710
"search / artist_detail / room / album_detail / album_detail",214942,1752085090791,1752085523901,ANDROID,20250709
"search / artist_detail / room / album_detail / album_detail",50016,1751639638755,1751639688771,ANDROID,20250704
"search / artist_detail / room / album_detail / album_detail",73841,1751578392273,1751578684496,ANDROID,20250703
"search / artist_detail / room / album_detail / album_detail",1173828,1750687829044,1750690671606,ANDROID,20250623
"search / artist_detail / room / album_detail / album_detail",2449042,1750522381664,1750530190636,ANDROID,20250621
"search / artist_detail / room / album_detail / album_detail",920484,1750449197572,1750454433164,ANDROID,20250620
"search / artist_detail / room / album_detail / album_detail",526350,1750365985088,1750371674731,ANDROID,20250619
"search / artist_detail / room / album_detail / album_detail",570664,1749862057073,1749925243693,ANDROID,20250614
"search / artist_detail / room / album_detail / album_detail",1072094,1749838880229,1749851398595,ANDROID,20250613
"search / artist_detail / room / album_detail / album_detail",134577,1749474362668,1749477056769,ANDROID,20250609
"search / artist_detail / room / album_detail / album_detail",1137605,1749343988593,1749427354004,ANDROID,20250608
"search / artist_detail / room / album_detail / album_detail",296549,1749338364513,1749338671355,ANDROID,20250607
"search / artist_detail / room / album_detail / album_detail",415458,1747584276115,1747586954635,ANDROID,20250518
"search / artist_detail / room / album_detail / album_detail",31265,1747497006478,1747497088991,ANDROID,20250517
"search / artist_detail / room / album_detail / album_detail",130714,1747430019990,1747430171635,ANDROID,20250516
"search / artist_detail / room / album_detail / album_detail",39131,1747341032318,1747341094722,ANDROID,20250515
"library / playlists / playlist_detail",1418569,1744938360910,1744939781368,IPHONE,20250418
"library / playlists / playlist_detail",2796409,1744852218190,1744908518348,IPHONE,20250417
"library / playlists / playlist_detail",54405,1725562360208,1725562414613,IPHONE,20240905
"library / playlists / playlist_detail",1135807,1725143249997,1725147067771,IPHONE,20240831
"library / playlists / playlist_detail",440487,1725021865124,1725022305456,IPHONE,20240830
"search / search_landing / artist_detail",53270,1753924736598,1753924789868,IPHONE,20250731
"search / search_landing / artist_detail",879325,1753897151063,1753898195979,IPHONE,20250730
"search / search_landing / artist_detail",574975,1753792726615,1753793302102,IPHONE,20250729
"search / search_landing / artist_detail",128240,1752283038677,1752283166917,IPHONE,20250712
"search / search_landing / artist_detail",1410505,1752251247205,1752252911264,IPHONE,20250711
"search / search_landing / artist_detail",252737,1751591785456,1751592038578,IPHONE,20250704
"search / search_landing / artist_detail",53489,1751579214637,1751579268126,IPHONE,20250703
"search / search_landing / artist_detail",371727,1747271047665,1747271419129,IPHONE,20250515
"search / search_landing / artist_detail",174000,1747239285721,1747239459721,IPHONE,20250514
"search / search_landing / artist_detail",249366,1733679463941,1733679713485,IPHONE,20241208
"search / search_landing / artist_detail",1326030,1733330835726,1733339878856,IPHONE,20241204
"search / search_landing / artist_detail",132590,1732465531265,1732465663855,IPHONE,20241124
"search / search_landing / artist_detail",61983,1727882024282,1727882086265,IPHONE,20241002
"home / recently_played",1285425,1740103478992,1740145229209,IPHONE,20250221
"home / recently_played",2504772,1740017196150,1740074487291,IPHONE,20250220
"home / recently_played",46560,1739985721365,1739985767925,IPHONE,20250219
"home / recently_played",1596289,1736340702430,1736355212465,IPHONE,20250108
"search / see_all / album_detail",2771684,1747052914560,1747066474310,IPHONE,20250512
"search / see_all / album_detail",2299404,1746925408118,1747003674300,IPHONE,20250511
"new / album_detail",4060519,1734968787819,1734972851519,MACINTOSH,20241223
"home / album_detail / see_all / album_detail",1032137,1744333556317,1744334589715,IPHONE,20250411
"home / album_detail / see_all / album_detail",2979453,1744288191573,1744303296655,IPHONE,20250410
"search / search_landing / artist_detail / see_all",401528,1753896748392,1753897150358,IPHONE,20250730
"search / search_landing / artist_detail / see_all",1252980,1753793303062,1753798034621,IPHONE,20250729
"search / search_landing / artist_detail / see_all",872997,1753619595052,1753620467757,IPHONE,20250727
"search / search_landing / artist_detail / see_all",1411657,1751644941458,1751646459486,IPHONE,20250704
"search / search_landing / catalog / see_all",340709,1753578937877,1753580422876,IPHONE,20250727
"search / search_landing / catalog / see_all",2031141,1753492417063,1753546807508,IPHONE,20250726
"library / playlists",2269726,1735520838072,1735575759415,IPHONE,20241230
"search / artist_detail / room / album_detail / album_detail / album_detail",186483,1750688707393,1750688951158,ANDROID,20250623
"search / artist_detail / room / album_detail / album_detail / album_detail",1876465,1750525770804,1750529279256,ANDROID,20250621
"search / artist_detail / album_detail / album_detail / album_detail",32919,1751752936164,1751752969083,ANDROID,20250705
"search / artist_detail / album_detail / album_detail / album_detail",120730,1751048770925,1751056167551,ANDROID,20250627
"search / artist_detail / album_detail / album_detail / album_detail",711257,1750686226043,1750708140205,ANDROID,20250623
"search / artist_detail / album_detail / album_detail / album_detail",77947,1750530324208,1750530679746,ANDROID,20250621
"search / artist_detail / album_detail / album_detail / album_detail",144234,1750454435656,1750454579890,ANDROID,20250620
"search / artist_detail / album_detail / album_detail / album_detail",49474,1749395494692,1749395544447,ANDROID,20250608
"search / artist_detail / album_detail / album_detail / album_detail",540656,1747947182471,1747947860296,ANDROID,20250522
"search / artist_detail / album_detail / album_detail / album_detail",42734,1747347294017,1747347336751,ANDROID,20250515
"search / artist_detail / album_detail / album_detail / album_detail",216345,1747262328642,1747262558893,ANDROID,20250514
"search / search_landing",677810,1750684482778,1750716556200,IPHONE,20250623
"search / search_landing",425838,1749483480226,1749483937660,IPHONE,20250609
"search / search_landing",64378,1744844499618,1744852217596,IPHONE,20250416
"search / search_landing",159401,1734646262335,1734646421736,IPHONE,20241219
"search / search_landing",257363,1734527643283,1734528324005,IPHONE,20241218
"search / search_landing",169415,1734354271097,1734354440766,IPHONE,20241216
"search / search_landing",179152,1734095229355,1734095408937,IPHONE,20241213
"search / artist_detail / room",347724,1750712807149,1750713576961,ANDROID,20250623
"search / artist_detail / room",171683,1747439202933,1747439408424,ANDROID,20250516
"search / artist_detail / room",833989,1747184377689,1747261850328,ANDROID,20250514
"search / artist_detail / room",243618,1747097494145,1747097753830,ANDROID,20250513
"search / artist_detail / album_detail / album_detail / album_detail / album_detail",285774,1751056167992,1751057641823,ANDROID,20250627
"search / artist_detail / album_detail / album_detail / album_detail / album_detail",104609,1750530932044,1750531036653,ANDROID,20250621
"search / artist_detail / album_detail / album_detail / album_detail / album_detail",380219,1750447272922,1750447724026,ANDROID,20250620
"search / artist_detail / album_detail / album_detail / album_detail / album_detail",695397,1749399936854,1749400692949,ANDROID,20250608
"search / artist_detail / album_detail / album_detail / album_detail / album_detail",114941,1747492539462,1747492670357,ANDROID,20250517
"search / playlist_detail / room / artist_detail / room / album_detail",160080,1733694283774,1733694461141,ANDROID,20241208
"search / playlist_detail / room / artist_detail / room / album_detail",761509,1723215288293,1723216284496,ANDROID,20240809
"search / playlist_detail / room / artist_detail / room / album_detail",428183,1722899606228,1722899965921,ANDROID,20240805
"home / album_detail / album_detail",1224365,1748267474557,1748268852905,ANDROID,20250526
"search / artist_detail / room / album_detail / album_detail / album_detail / album_detail",516465,1750689460313,1750690021317,ANDROID,20250623
"search / artist_detail / room / album_detail / album_detail / album_detail / album_detail",212228,1750368140989,1750368400368,ANDROID,20250619
"search / artist_detail / room / album_detail / album_detail / album_detail / album_detail",464147,1749851399082,1749852095523,ANDROID,20250613
"search / album_detail / album_detail",99736,1751570440651,1751570540387,ANDROID,20250703
"search / album_detail / album_detail",1072144,1748220105089,1748291747450,ANDROID,20250526
"search / artist_detail / artist_detail",198655,1749834065134,1749834344448,ANDROID,20250613
"search / artist_detail / artist_detail",37456,1747771379221,1747771416677,ANDROID,20250520
"search / artist_detail / artist_detail",756687,1747095900116,1747098504347,ANDROID,20250513
"search / artist_detail / artist_detail",36405,1747081284093,1747081320498,ANDROID,20250512
"search / playlist_detail / artist_detail / album_detail",31914,1750454757845,1750454789872,ANDROID,20250620
"search / playlist_detail / artist_detail / album_detail",130546,1724371478934,1724371609480,ANDROID,20240823
"search / playlist_detail / artist_detail / album_detail",175863,1723936455540,1723936631403,ANDROID,20240817
"search / playlist_detail / artist_detail / album_detail",223108,1723670583250,1723670812584,ANDROID,20240814
"search / playlist_detail / artist_detail / album_detail",457780,1723589194307,1723589930547,ANDROID,20240813
library,199456,1735520610596,1735520810052,IPHONE,20241230
library,810802,1731012728372,1731013539364,IPHONE,20241107
"search / playlist_detail / artist_detail / room / album_detail",709006,1750432673483,1750455764027,ANDROID,20250620
"search / playlist_detail / artist_detail / room / album_detail",115590,1749345463983,1749345579573,ANDROID,20250608
"search / playlist_detail / artist_detail / room / album_detail",181482,1732890056172,1732890256416,ANDROID,20241129
"search / playlist_detail / artist_detail",68954,1751635608370,1751635677324,ANDROID,20250704
"search / playlist_detail / artist_detail",223703,1728000619483,1728000843186,ANDROID,20241004
"search / playlist_detail / artist_detail",403023,1724371626022,1724372059144,ANDROID,20240823
"search / playlist_detail / artist_detail",205903,1723670843338,1723671049241,ANDROID,20240814
"search / playlist_detail / room / artist_detail",225000,1733693744315,1733693969315,ANDROID,20241208
"search / playlist_detail / room / artist_detail",378240,1732891017883,1732891434497,ANDROID,20241129
"search / playlist_detail / room / artist_detail",291234,1727999926363,1728001229231,ANDROID,20241004
"search / artist_detail / artist_detail / room / album_detail",81181,1753326670867,1753326784647,ANDROID,20250724
"search / artist_detail / artist_detail / room / album_detail",273535,1750950247184,1750950555732,ANDROID,20250626
"search / artist_detail / artist_detail / room / album_detail",200874,1750448272271,1750448473145,ANDROID,20250620
"search / artist_detail / artist_detail / room / album_detail",123199,1748984460630,1748984583826,ANDROID,20250603
"search / artist_detail / artist_detail / room / album_detail",178000,1732308388552,1732308566552,ANDROID,20241122
"search / search_landing / catalog",846746,1750683715744,1750716794488,IPHONE,20250623
"search / artist_detail / artist_detail / album_detail",52591,1753327158531,1753327225568,ANDROID,20250724
"search / artist_detail / artist_detail / album_detail",230265,1753111233212,1753111497268,ANDROID,20250721
"search / artist_detail / artist_detail / album_detail",167581,1747771603285,1747771800379,ANDROID,20250520
"search / artist_detail / artist_detail / album_detail",238276,1747097770716,1747098054462,ANDROID,20250513
"search / artist_detail / artist_detail / artist_detail / artist_detail",221025,1749401963713,1749402245205,ANDROID,20250608
"search / artist_detail / artist_detail / artist_detail / artist_detail",410342,1747096942444,1747097402338,ANDROID,20250513
"search / playlist_detail / artist_detail / room",114709,1749345616948,1749345736041,ANDROID,20250608
"search / playlist_detail / artist_detail / room",511502,1732890293640,1732891014224,ANDROID,20241129
"search / multi_room / playlist_detail",625012,1730403421284,1730404209305,ANDROID,20241031
"search / artist_detail / artist_detail / artist_detail",559269,1747096283234,1747096941011,ANDROID,20250513
"library / playlist_detail",442816,1734354723815,1734355170958,IPHONE,20241216
"library / playlist_detail",75885,1734095923080,1734095998965,IPHONE,20241213
"search / catalog / see_all / album_detail / album_detail",517661,1750683970664,1750717397296,IPHONE,20250623
"search / artist_detail / room / album_detail / album_detail / album_detail / album_detail / album_detail",513745,1750529299163,1750529823481,ANDROID,20250621
"search / playlist_detail / artist_detail / room / album_detail / album_detail",499100,1750455548979,1750457801717,ANDROID,20250620
"search / playlist_detail / room / artist_detail / album_detail",229743,1733693991459,1733694260310,ANDROID,20241208
"search / playlist_detail / room / artist_detail / album_detail",237543,1722899853647,1722900056515,ANDROID,20240805
"search / catalog / album_detail",224061,1734646434473,1734646658534,IPHONE,20241219
"search / catalog / album_detail",227707,1734354441303,1734354669010,IPHONE,20241216
"search / artist_detail / artist_detail / artist_detail / album_detail",45693,1753471710174,1753471760030,ANDROID,20250725
"search / artist_detail / artist_detail / artist_detail / album_detail",42920,1748984597008,1748984644421,ANDROID,20250603
"search / artist_detail / artist_detail / artist_detail / album_detail",140332,1748382412427,1748382655382,ANDROID,20250527
"search / artist_detail / artist_detail / artist_detail / album_detail",181663,1723937380664,1723937572125,ANDROID,20240817
"library / album_detail",344263,1748003077305,1748003429155,IPHONE,20250523
"home / grouping / now_playing / album_detail",327008,1734096712392,1734097039141,IPHONE,20241213
"search / album_detail / album_detail / album_detail",319078,1749420179346,1749420588767,ANDROID,20250608
"home / recently_played / room / recently_played / album_detail",317894,1733012641046,1733012985079,ANDROID,20241201
"search / artist_detail / album_detail / room / album_detail / album_detail / album_detail / album_detail",316865,1748205865389,1748208402770,ANDROID,20250525
"search / playlist_detail / artist_detail / album_detail / album_detail",314000,1750458067914,1750458381914,ANDROID,20250620
"search / artist_detail / artist_detail / artist_detail / artist_detail / artist_detail / artist_detail / artist_detail / album_detail / album_detail / album_detail / album_detail / album_detail",289555,1749402990538,1749403312159,ANDROID,20250608
"search / artist_detail / artist_detail / artist_detail / artist_detail / room / album_detail",282702,1749402303918,1749402704412,ANDROID,20250608
"search / artist_detail / artist_detail / artist_detail / artist_detail / artist_detail / artist_detail",275848,1749830262716,1749830564558,ANDROID,20250613
"search / artist_detail / artist_detail / artist_detail / artist_detail / artist_detail / artist_detail / artist_detail / artist_detail / room / album_detail",271513,1749830872018,1749831201537,ANDROID,20250613
"search / artist_detail / artist_detail / artist_detail / artist_detail / artist_detail",256974,1749402711280,1749402970613,ANDROID,20250608
"search / search_landing / artist_detail / artist_detail",256053,1753620469197,1753620725250,IPHONE,20250727
"search / multi_room",244000,1730403092891,1730403416147,ANDROID,20241031
"search / artist_detail / room / album_detail / album_detail / room / album_detail",242835,1749421889672,1749422156910,ANDROID,20250608
"search / playlist_detail / artist_detail / artist_detail / album_detail",55985,1752979718060,1752979919373,ANDROID,20250720
"search / playlist_detail / artist_detail / artist_detail / album_detail",128264,1751635767372,1751635895636,ANDROID,20250704
"search / artist_detail / artist_detail / artist_detail / artist_detail / artist_detail / artist_detail / artist_detail / room / album_detail",181058,1749830670513,1749830869041,ANDROID,20250613
"search / artist_detail / artist_detail / artist_detail / artist_detail / artist_detail / album_detail",180442,1748984649532,1748984849115,ANDROID,20250603
"search / artist_detail / artist_detail / artist_detail / room / album_detail",173943,1723937194106,1723937368049,ANDROID,20240817
"search / artist_detail / artist_detail / album_detail / album_detail",50491,1751482957275,1751483018681,ANDROID,20250702
"search / artist_detail / artist_detail / album_detail / album_detail",113961,1749746602649,1749746749784,ANDROID,20250612
"search / artist_detail / album_detail / playlist_detail / artist_detail / album_detail",133792,1747499946700,1747500100338,ANDROID,20250517
"search / artist_detail / album_detail / playlist_detail / artist_detail / artist_detail / room / album_detail / album_detail",121322,1747083013556,1747083134878,ANDROID,20250512
"home / recently_played / album_detail",112166,1748268872946,1748268985112,ANDROID,20250526
"search / artist_detail / playlist_detail / artist_detail / album_detail",96868,1723996785314,1723996882182,ANDROID,20240818
"search / artist_detail / album_detail / playlist_detail",93476,1747499819078,1747499945764,ANDROID,20250517
"browse / album_detail",73443,1723820008583,1723820082277,MACINTOSH,20240816
"search / artist_detail / playlist_detail",30052,1724111375680,1724111405732,ANDROID,20240819
"search / artist_detail / playlist_detail",34383,1723998335573,1723998369956,ANDROID,20240818
"search / artist_detail / album_detail / playlist_detail / artist_detail / artist_detail / room / album_detail",64426,1747083293779,1747083358205,ANDROID,20250512
"search / search_landing / ",59058,1753620751464,1753620810522,IPHONE,20250727
"search / artist_detail / album_detail / room / album_detail",46814,1748205732144,1748205778958,ANDROID,20250525
"search / artist_detail / artist_detail / artist_detail / artist_detail / artist_detail / artist_detail / room / album_detail",44485,1749830569482,1749830614565,ANDROID,20250613
"search / artist_detail / album_detail / album_detail / album_detail / album_detail / album_detail",39982,1750447731845,1750447771827,ANDROID,20250620
"search / artist_detail / artist_detail / album_detail / album_detail / album_detail / album_detail",36985,1751483019317,1751483065178,ANDROID,20250702
"search / artist_detail / room / album_detail / room / album_detail",32348,1750524932253,1750524964601,ANDROID,20250621
