"Last Modified","Container Type","Container Description","Track Description","Ignore For Recommendations",Country,"Container Reference","Track Reference","Feature Name","First Event Timestamp","Last End Reason Tyoe","Last Event End Timestamp","Last Event Received Timestamp","Last Event Start Timestamp","Max Event End Position in millis","Max Play Duration in millis","Media duration in millis","Media type","Min Event Start Position in millis","Total plays","Total skips","Total play duration in millis"
2025-08-02T01:36:25.043Z,Album,"The Cure - Songs Of A Lost World","The Cure - Endsong",false,"United States",1768728131,1768728503,siri,2025-08-02T01:36:25.043Z,PLAYBACK_SUSPENDED,2025-08-02T01:40:04.086Z,2025-08-02T01:40:04.364Z,2025-08-02T01:36:25.043Z,219043,219043,623366,AUDIO,0,1,0,219043
2025-08-02T01:31:03.586Z,Album,"The Cure - Songs Of A Lost World","The Cure - All I Ever Am",false,"United States",1768728131,1768728502,siri,2025-08-02T01:31:03.586Z,NATURAL_END_OF_TRACK,2025-08-02T01:36:24.720Z,2025-08-02T01:36:24.751Z,2025-08-02T01:31:03.586Z,321145,321134,321134,AUDIO,0,1,0,321134
2025-08-02T01:25:00.029Z,Album,"The Cure - Songs Of A Lost World","The Cure - I Can Never Say Goodbye",false,"United States",1768728131,1768728501,siri,2025-08-02T01:25:00.029Z,NATURAL_END_OF_TRACK,2025-08-02T01:31:03.532Z,2025-08-02T01:31:03.615Z,2025-08-02T01:25:00.029Z,363503,363503,363521,AUDIO,0,1,0,363503
2025-08-02T01:20:14.870Z,Album,"The Cure - Songs Of A Lost World","The Cure - Drone:Nodrone",false,"United States",1768728131,1768728499,siri,2025-08-02T01:20:14.870Z,NATURAL_END_OF_TRACK,2025-08-02T01:25:00.045Z,2025-08-02T01:25:00.072Z,2025-08-02T01:20:14.870Z,285175,285175,285180,AUDIO,0,1,0,285175
2025-08-01T01:40:26.352Z,Album,"The Cure - Songs Of A Lost World","The Cure - Warsong",false,"United States",1768728131,1768728138,siri,2025-08-01T01:40:26.352Z,NATURAL_END_OF_TRACK,2025-08-02T01:20:15.042Z,2025-08-02T01:20:15.093Z,2025-08-02T01:16:31.516Z,257418,223526,257418,AUDIO,0,1,0,257418
2025-08-02T00:33:15.444Z,N/A,N/A,"Lil Peep & XXXTENTACION - Falling Down (Bonus Track)",false,"United States",N/A,1440822543,voice_control,2025-08-02T00:33:15.444Z,PLAYBACK_MANUALLY_PAUSED,2025-08-02T00:33:24.444Z,2025-08-02T00:33:24.444Z,2025-08-02T00:33:15.444Z,9000,9000,196000,AUDIO,0,1,0,9000
2025-08-02T00:11:42.259Z,N/A,N/A,"JAY-Z & Kanye West - Ni**as in Paris",false,"United States",N/A,1440845524,voice_control,2025-08-02T00:11:42.259Z,PLAYBACK_MANUALLY_PAUSED,2025-08-02T00:12:47.259Z,2025-08-02T00:12:47.259Z,2025-08-02T00:11:42.259Z,65000,65000,219000,AUDIO,0,1,0,65000
2025-08-02T00:11:20.696Z,N/A,N/A,"JuiczyClassic - Bedroom Noises",false,"United States",N/A,1624249482,voice_control,2025-08-02T00:11:20.696Z,PLAYBACK_MANUALLY_PAUSED,2025-08-02T00:11:41.696Z,2025-08-02T00:11:41.696Z,2025-08-02T00:11:20.696Z,21000,21000,156000,AUDIO,0,1,0,21000
2025-08-02T00:11:07.967Z,"Radio Station",N/A,"Lil Tecca - 500lbs",false,"United States",ra.a-1366503504,1726099740,voice_control,2025-08-02T00:11:07.967Z,PLAYBACK_MANUALLY_PAUSED,2025-08-02T00:11:18.967Z,2025-08-02T00:11:18.967Z,2025-08-02T00:11:07.967Z,11000,11000,144000,AUDIO,0,1,0,11000
2025-08-02T00:10:55.171Z,N/A,N/A,"The Commodores - Easy",false,"United States",N/A,1442972225,voice_control,2025-08-02T00:10:55.171Z,PLAYBACK_MANUALLY_PAUSED,2025-08-02T00:11:08.171Z,2025-08-02T00:11:08.171Z,2025-08-02T00:10:55.171Z,13000,13000,257000,AUDIO,0,1,0,13000
2025-08-02T00:10:51.202Z,"Radio Station",N/A,"Young Jeezy - Soul Survivor (feat. Akon)",false,"United States",ra.a-19627204,1657543574,voice_control,2025-08-02T00:10:51.202Z,PLAYBACK_MANUALLY_PAUSED,2025-08-02T00:10:56.202Z,2025-08-02T00:10:56.202Z,2025-08-02T00:10:51.202Z,5000,5000,280000,AUDIO,0,1,0,5000
2025-08-02T00:10:39.258Z,N/A,N/A,"Gmcfosho - Miss My Ni",false,"United States",N/A,738915093,voice_control,2025-08-02T00:10:39.258Z,PLAYBACK_MANUALLY_PAUSED,2025-08-02T00:10:49.258Z,2025-08-02T00:10:49.258Z,2025-08-02T00:10:39.258Z,10000,10000,272000,AUDIO,0,1,0,10000
2025-08-02T00:01:45.052Z,"Radio Station",N/A,"Russell Smith - Betty Jean",false,"United States",ra.a-507024,930751166,voice_control,2025-08-02T00:01:45.052Z,PLAYBACK_MANUALLY_PAUSED,2025-08-02T00:03:57.210Z,2025-08-02T00:03:57.210Z,2025-08-02T00:03:45.210Z,12000,12000,227000,AUDIO,0,1,0,24000
2025-08-02T00:00:59.731Z,N/A,N/A,"Skrilla - Doot Doot (6 7)",false,"United States",N/A,1794830403,voice_control,2025-08-02T00:00:59.731Z,PLAYBACK_MANUALLY_PAUSED,2025-08-02T00:01:44.869Z,2025-08-02T00:01:44.869Z,2025-08-02T00:01:15.869Z,29000,29000,150000,AUDIO,0,1,0,58000
2025-08-01T23:58:03.190Z,N/A,N/A,"Lil Tjay - Sex Sounds",false,"United States",N/A,1482317746,voice_control,2025-08-01T23:58:03.190Z,PLAYBACK_MANUALLY_PAUSED,2025-08-01T23:58:37.190Z,2025-08-01T23:58:37.190Z,2025-08-01T23:58:03.190Z,34000,34000,162000,AUDIO,0,1,0,34000
2025-08-01T23:57:44.827Z,"Radio Station",N/A,"N.W.A - Alwayz Into Somethin'",false,"United States",ra.a-569363,1440871705,voice_control,2025-08-01T23:57:44.827Z,PLAYBACK_MANUALLY_PAUSED,2025-08-01T23:57:55.827Z,2025-08-01T23:57:55.827Z,2025-08-01T23:57:44.827Z,11000,11000,265000,AUDIO,0,1,0,11000
2025-08-01T23:57:31.306Z,"Radio Station",N/A,"N.W.A - 100 Miles and Runnin'",false,"United States",ra.a-569363,1440826114,voice_control,2025-08-01T23:57:31.306Z,PLAYBACK_MANUALLY_PAUSED,2025-08-01T23:57:44.306Z,2025-08-01T23:57:44.306Z,2025-08-01T23:57:31.306Z,13000,13000,273000,AUDIO,0,1,0,13000
2025-08-01T23:48:57.988Z,N/A,N/A,"Minecraft Steve - Mine Diamonds",false,"United States",N/A,1707184179,voice_control,2025-08-01T23:48:57.988Z,PLAYBACK_MANUALLY_PAUSED,2025-08-01T23:49:41.988Z,2025-08-01T23:49:41.988Z,2025-08-01T23:48:57.988Z,44000,44000,227000,AUDIO,0,1,0,44000
2025-08-01T23:48:28.998Z,N/A,N/A,"Mcap Steve - Diamond Mine",false,"United States",N/A,1329582949,voice_control,2025-08-01T23:48:28.998Z,PLAYBACK_MANUALLY_PAUSED,2025-08-01T23:48:56.998Z,2025-08-01T23:48:56.998Z,2025-08-01T23:48:28.998Z,28000,28000,149000,AUDIO,0,1,0,28000
2025-08-01T23:47:37.735Z,N/A,N/A,"demmy - The Grand Wizard Man Is B(l)Ack",false,"United States",N/A,1726758146,voice_control,2025-08-01T23:47:37.735Z,PLAYBACK_MANUALLY_PAUSED,2025-08-01T23:48:19.735Z,2025-08-01T23:48:19.735Z,2025-08-01T23:47:37.735Z,42000,42000,123000,AUDIO,0,1,0,42000
2025-08-01T23:44:51.207Z,N/A,N/A,"Fetty Wap - 679 (feat. Monty)",false,"United States",N/A,1039459656,voice_control,2025-08-01T23:44:51.207Z,PLAYBACK_MANUALLY_PAUSED,2025-08-01T23:47:35.469Z,2025-08-01T23:47:35.469Z,2025-08-01T23:45:17.469Z,138000,138000,187000,AUDIO,0,1,0,264000
2025-08-01T23:43:53.726Z,N/A,N/A,"Fetty Wap - Trap Queen",false,"United States",N/A,1039459590,voice_control,2025-08-01T23:43:53.726Z,PLAYBACK_MANUALLY_PAUSED,2025-08-01T23:44:48.726Z,2025-08-01T23:44:48.726Z,2025-08-01T23:43:53.726Z,55000,55000,222000,AUDIO,0,1,0,55000
2025-08-01T23:43:04.394Z,Album,"Rico Nasty - Hard - Single","Rico Nasty - Hard",false,"United States",1490025549,1490025551,voice_control,2025-08-01T23:43:04.394Z,PLAYBACK_MANUALLY_PAUSED,2025-08-01T23:43:53.394Z,2025-08-01T23:43:53.394Z,2025-08-01T23:43:04.394Z,49000,49000,157000,AUDIO,0,1,0,49000
2025-08-01T23:42:46.727Z,N/A,N/A,"Ozzy Osbourne - I Don't Wanna Stop",false,"United States",N/A,918832277,voice_control,2025-08-01T23:42:46.727Z,PLAYBACK_MANUALLY_PAUSED,2025-08-01T23:44:19.727Z,2025-08-01T23:44:19.727Z,2025-08-01T23:42:46.727Z,93000,93000,240000,AUDIO,0,1,0,93000
2025-08-01T23:37:23.955Z,N/A,N/A,"Journey - Separate Ways (Worlds Apart)",false,"United States",N/A,476986076,voice_control,2025-08-01T23:37:23.955Z,NATURAL_END_OF_TRACK,2025-08-01T23:42:46.955Z,2025-08-01T23:42:46.955Z,2025-08-01T23:37:23.955Z,323000,323000,323000,AUDIO,0,1,0,323000
2025-08-01T23:33:59.626Z,N/A,N/A,"Slipknot - The Dying Song (Time To Sing)",false,"United States",N/A,1635220069,voice_control,2025-08-01T23:33:59.626Z,NATURAL_END_OF_TRACK,2025-08-01T23:37:23.626Z,2025-08-01T23:37:23.626Z,2025-08-01T23:33:59.626Z,204000,204000,204000,AUDIO,0,1,0,204000
2025-08-01T23:30:32.845Z,N/A,N/A,"Alice In Chains - Would?",false,"United States",N/A,157317248,voice_control,2025-08-01T23:30:32.845Z,NATURAL_END_OF_TRACK,2025-08-01T23:33:59.845Z,2025-08-01T23:33:59.845Z,2025-08-01T23:30:32.845Z,207000,207000,207000,AUDIO,0,1,0,207000
2025-08-01T23:26:53.089Z,N/A,N/A,"Aerosmith - Walk This Way",false,"United States",N/A,1660109283,voice_control,2025-08-01T23:26:53.089Z,NATURAL_END_OF_TRACK,2025-08-01T23:30:33.089Z,2025-08-01T23:30:33.089Z,2025-08-01T23:26:53.089Z,220000,220000,220000,AUDIO,0,1,0,220000
2025-08-01T23:23:57.174Z,N/A,N/A,"Md Moinul Hasan - Enjoy Journey",false,"United States",N/A,1581500406,search,2025-08-01T23:23:57.174Z,SCRUB_BEGIN,2025-08-01T23:26:45.841Z,2025-08-01T23:40:14.559Z,2025-08-01T23:26:45.784Z,82914,79911,213000,AUDIO,0,1,0,145742
2025-08-01T23:21:49.041Z,N/A,N/A,"Mötley Crüe - Kickstart My Heart (2024 Remaster)",false,"United States",N/A,1763317271,voice_control,2025-08-01T23:21:49.041Z,NATURAL_END_OF_TRACK,2025-08-01T23:26:52.842Z,2025-08-01T23:26:52.842Z,2025-08-01T23:22:10.842Z,282000,282000,283000,AUDIO,0,1,0,466000
2025-08-01T23:14:05.503Z,N/A,N/A,"Ozzy Osbourne - No More Tears",false,"United States",N/A,209695373,voice_control,2025-08-01T23:14:05.503Z,NATURAL_END_OF_TRACK,2025-08-01T23:21:48.346Z,2025-08-01T23:21:48.346Z,2025-08-01T23:14:23.346Z,445000,445000,445000,AUDIO,0,1,0,787000
2025-08-01T23:10:37.570Z,"Radio Station",N/A,"Ozzy Osbourne - Believer",false,"United States",ra.a-886834,1592004628,voice_control,2025-08-01T23:10:37.570Z,PLAYBACK_MANUALLY_PAUSED,2025-08-01T23:14:03.570Z,2025-08-01T23:14:03.570Z,2025-08-01T23:10:37.570Z,206000,206000,317000,AUDIO,0,1,0,206000
2025-08-01T22:29:52.857Z,N/A,N/A,"Boy Tedson - Bungalow",false,"United States",N/A,1520581154,search,2025-08-01T22:29:52.857Z,SCRUB_BEGIN,2025-08-01T22:56:28.608Z,2025-08-01T23:23:50.847Z,2025-08-01T22:56:28.549Z,228674,84238,293000,AUDIO,0,1,0,234807
2025-08-01T19:14:05.112Z,"Radio Station",N/A,"Marilyn Manson - Third Day of a Seven Day Binge",false,"United States",ra.a-251375,1170145638,voice_control,2025-08-01T19:14:05.112Z,PLAYBACK_MANUALLY_PAUSED,2025-08-01T19:14:24.313Z,2025-08-01T19:14:24.313Z,2025-08-01T19:14:06.313Z,18000,18000,267000,AUDIO,0,1,0,36000
2025-08-01T01:35:43.445Z,Album,"The Cure - Songs Of A Lost World","The Cure - A Fragile Thing",false,"United States",1768728131,1768728137,siri,2025-08-01T01:35:43.445Z,NATURAL_END_OF_TRACK,2025-08-01T01:40:26.575Z,2025-08-01T01:40:26.649Z,2025-08-01T01:35:43.445Z,283130,283130,283130,AUDIO,0,1,0,283130
2025-08-01T01:28:50.456Z,Album,"The Cure - Songs Of A Lost World","The Cure - And Nothing Is Forever",false,"United States",1768728131,1768728136,siri,2025-08-01T01:28:50.456Z,NATURAL_END_OF_TRACK,2025-08-01T01:35:43.561Z,2025-08-01T01:35:43.779Z,2025-08-01T01:28:50.456Z,413105,413105,413105,AUDIO,0,1,0,413105
2025-08-01T01:22:01.734Z,Album,"The Cure - Songs Of A Lost World","The Cure - Alone",false,"United States",1768728131,1768728135,siri,2025-08-01T01:22:01.734Z,NATURAL_END_OF_TRACK,2025-08-01T01:28:50.424Z,2025-08-01T01:28:50.458Z,2025-08-01T01:22:01.734Z,408690,408690,408690,AUDIO,0,1,0,408690
2025-07-31T01:41:32.262Z,Album,"Tears for Fears - The Tipping Point","Tears for Fears - Please Be Happy",false,"United States",1586912660,1586912667,"search / artist_detail / album_detail",2025-07-31T01:41:32.262Z,PLAYBACK_MANUALLY_PAUSED,2025-08-01T01:17:39.764Z,2025-08-01T01:17:39.793Z,2025-08-01T01:17:34.904Z,61809,35290,185845,AUDIO,0,1,0,61732
2025-07-31T22:21:41.434Z,"Radio Station",N/A,"Paula Abdul - Opposites Attract",false,"United States",ra.1055200360,723700277,voice_control,2025-07-31T22:21:41.434Z,PLAYBACK_MANUALLY_PAUSED,2025-07-31T22:24:15.434Z,2025-07-31T22:24:15.434Z,2025-07-31T22:21:41.434Z,154000,154000,265000,AUDIO,0,1,0,154000
2025-07-31T22:17:47.370Z,"Radio Station",N/A,"Huey Lewis and the News - The Power of Love",false,"United States",ra.1055200360,725785116,voice_control,2025-07-31T22:17:47.370Z,NATURAL_END_OF_TRACK,2025-07-31T22:21:41.370Z,2025-07-31T22:21:41.370Z,2025-07-31T22:17:47.370Z,234000,234000,234000,AUDIO,0,1,0,234000
2025-07-31T22:11:25.234Z,"Radio Station",N/A,"Afrika Bambaataa & The Soulsonic Force - Planet Rock",false,"United States",ra.1055200360,1604623462,voice_control,2025-07-31T22:11:25.234Z,NATURAL_END_OF_TRACK,2025-07-31T22:17:47.234Z,2025-07-31T22:17:47.234Z,2025-07-31T22:11:25.234Z,382000,382000,382000,AUDIO,0,1,0,382000
2025-07-31T22:07:39.818Z,"Radio Station",N/A,"Poison - Nothin' But a Good Time",false,"United States",ra.1055200360,716552513,voice_control,2025-07-31T22:07:39.818Z,NATURAL_END_OF_TRACK,2025-07-31T22:11:24.818Z,2025-07-31T22:11:24.818Z,2025-07-31T22:07:39.818Z,225000,225000,225000,AUDIO,0,1,0,225000
2025-07-31T22:04:04.002Z,"Radio Station",N/A,"Fine Young Cannibals - She Drives Me Crazy",false,"United States",ra.1055200360,1313940402,voice_control,2025-07-31T22:04:04.002Z,NATURAL_END_OF_TRACK,2025-07-31T22:07:40.002Z,2025-07-31T22:07:40.002Z,2025-07-31T22:04:04.002Z,216000,216000,216000,AUDIO,0,1,0,216000
2025-07-31T21:59:51.250Z,"Radio Station",N/A,"Toni Basil - Hey Mickey",false,"United States",ra.1055200360,1496273042,voice_control,2025-07-31T21:59:51.250Z,NATURAL_END_OF_TRACK,2025-07-31T22:04:04.250Z,2025-07-31T22:04:04.250Z,2025-07-31T21:59:51.250Z,253000,253000,253000,AUDIO,0,1,0,253000
2025-07-31T21:56:02.388Z,"Radio Station",N/A,"Pink Floyd - Another Brick In the Wall, Pt. 2",false,"United States",ra.1055200360,1067444770,voice_control,2025-07-31T21:56:02.388Z,NATURAL_END_OF_TRACK,2025-07-31T21:59:51.388Z,2025-07-31T21:59:51.388Z,2025-07-31T21:56:02.388Z,229000,229000,229000,AUDIO,0,1,0,229000
2025-07-31T21:52:25.843Z,"Radio Station",N/A,"The J. Geils Band - Centerfold",false,"United States",ra.1055200360,724071636,voice_control,2025-07-31T21:52:25.843Z,NATURAL_END_OF_TRACK,2025-07-31T21:56:02.843Z,2025-07-31T21:56:02.843Z,2025-07-31T21:52:25.843Z,217000,217000,217000,AUDIO,0,1,0,217000
2025-07-31T21:47:32.602Z,"Radio Station",N/A,"Michael Jackson - Billie Jean",false,"United States",ra.1055200360,269573364,voice_control,2025-07-31T21:47:32.602Z,NATURAL_END_OF_TRACK,2025-07-31T21:52:26.602Z,2025-07-31T21:52:26.602Z,2025-07-31T21:47:32.602Z,294000,294000,294000,AUDIO,0,1,0,294000
2025-07-31T21:42:47.443Z,"Radio Station",N/A,"Public Enemy - Fight the Power",false,"United States",ra.1055200360,1440838444,voice_control,2025-07-31T21:42:47.443Z,NATURAL_END_OF_TRACK,2025-07-31T21:47:32.443Z,2025-07-31T21:47:32.443Z,2025-07-31T21:42:47.443Z,285000,285000,285000,AUDIO,0,1,0,285000
2025-07-31T21:37:48.296Z,"Radio Station",N/A,"Kate Bush - Running Up That Hill (A Deal With God)",false,"United States",ra.1055200360,1675375090,voice_control,2025-07-31T21:37:48.296Z,NATURAL_END_OF_TRACK,2025-07-31T21:42:47.296Z,2025-07-31T21:42:47.296Z,2025-07-31T21:37:48.296Z,299000,299000,299000,AUDIO,0,1,0,299000
2025-07-31T21:34:06.029Z,"Radio Station",N/A,"Men At Work - Down Under",false,"United States",ra.1055200360,282960968,voice_control,2025-07-31T21:34:06.029Z,NATURAL_END_OF_TRACK,2025-07-31T21:37:48.029Z,2025-07-31T21:37:48.029Z,2025-07-31T21:34:06.029Z,222000,222000,222000,AUDIO,0,1,0,222000
2025-07-31T16:34:36.851Z,"Radio Station",N/A,"Def Leppard - Pour Some Sugar On Me",false,"United States",ra.1055200360,1440904267,voice_control,2025-07-31T16:34:36.851Z,PLAYBACK_MANUALLY_PAUSED,2025-07-31T16:37:59.851Z,2025-07-31T16:37:59.851Z,2025-07-31T16:34:36.851Z,203000,203000,267000,AUDIO,0,1,0,203000
2025-07-31T16:31:14.091Z,"Radio Station",N/A,"The Bangles - Walk Like an Egyptian",false,"United States",ra.1055200360,200008030,voice_control,2025-07-31T16:31:14.091Z,NATURAL_END_OF_TRACK,2025-07-31T16:34:37.091Z,2025-07-31T16:34:37.091Z,2025-07-31T16:31:14.091Z,203000,203000,203000,AUDIO,0,1,0,203000
2025-07-31T16:27:52.231Z,"Radio Station",N/A,"Falco - Rock Me Amadeus",false,"United States",ra.1055200360,289513197,voice_control,2025-07-31T16:27:52.231Z,NATURAL_END_OF_TRACK,2025-07-31T16:31:14.231Z,2025-07-31T16:31:14.231Z,2025-07-31T16:27:52.231Z,202000,202000,202000,AUDIO,0,1,0,202000
2025-07-31T16:23:44.966Z,"Radio Station",N/A,"Steve Winwood - Valerie",false,"United States",ra.1055200360,1440759400,voice_control,2025-07-31T16:23:44.966Z,NATURAL_END_OF_TRACK,2025-07-31T16:27:51.966Z,2025-07-31T16:27:51.966Z,2025-07-31T16:23:44.966Z,247000,247000,247000,AUDIO,0,1,0,247000
2025-07-31T16:18:14.930Z,"Radio Station",N/A,"Stevie Nicks - Edge of Seventeen",false,"United States",ra.1055200360,219393906,voice_control,2025-07-31T16:18:14.930Z,NATURAL_END_OF_TRACK,2025-07-31T16:23:44.930Z,2025-07-31T16:23:44.930Z,2025-07-31T16:18:14.930Z,330000,330000,330000,AUDIO,0,1,0,330000
2025-07-31T16:14:36.178Z,"Radio Station",N/A,"Prince - 1999 (Edit)",false,"United States",ra.1055200360,1545704091,voice_control,2025-07-31T16:14:36.178Z,NATURAL_END_OF_TRACK,2025-07-31T16:18:15.178Z,2025-07-31T16:18:15.178Z,2025-07-31T16:14:36.178Z,219000,219000,219000,AUDIO,0,1,0,219000
2025-07-31T16:10:09.219Z,"Radio Station",N/A,"Slick Rick & Doug E. Fresh - The Show",false,"United States",ra.1055200360,1452789775,voice_control,2025-07-31T16:10:09.219Z,NATURAL_END_OF_TRACK,2025-07-31T16:14:36.219Z,2025-07-31T16:14:36.219Z,2025-07-31T16:10:09.219Z,267000,267000,267000,AUDIO,0,1,0,267000
2025-07-31T16:06:27.598Z,"Radio Station",N/A,"The Clash - Rock the Casbah",false,"United States",ra.1055200360,685585942,voice_control,2025-07-31T16:06:27.598Z,NATURAL_END_OF_TRACK,2025-07-31T16:10:09.598Z,2025-07-31T16:10:09.598Z,2025-07-31T16:06:27.598Z,222000,222000,222000,AUDIO,0,1,0,222000
2025-07-31T16:02:33.373Z,"Radio Station",N/A,"Blondie - The Tide Is High",false,"United States",ra.1055200360,716261258,voice_control,2025-07-31T16:02:33.373Z,NATURAL_END_OF_TRACK,2025-07-31T16:06:27.373Z,2025-07-31T16:06:27.373Z,2025-07-31T16:02:33.373Z,234000,234000,234000,AUDIO,0,1,0,234000
2025-07-31T01:35:30.834Z,Album,"Tears for Fears - The Tipping Point","Tears for Fears - Rivers Of Mercy",false,"United States",1586912660,1586912666,"search / artist_detail / album_detail",2025-07-31T01:35:30.834Z,NATURAL_END_OF_TRACK,2025-07-31T01:41:32.586Z,2025-07-31T01:41:32.672Z,2025-07-31T01:35:30.834Z,368603,361752,361752,AUDIO,0,1,0,361752
2025-07-31T01:34:17.515Z,Album,"Tears for Fears - The Tipping Point","Tears for Fears - My Demons",false,"United States",1586912660,1586912665,"search / artist_detail / album_detail",2025-07-31T01:34:17.515Z,TRACK_SKIPPED_FORWARDS,2025-07-31T01:35:23.373Z,2025-07-31T01:35:23.665Z,2025-07-31T01:34:17.515Z,65858,65858,189043,AUDIO,0,1,1,65858
2025-07-31T01:33:18.087Z,Album,"Tears for Fears - The Tipping Point","Tears for Fears - Break The Man",false,"United States",1586912660,1586912664,"search / artist_detail / album_detail",2025-07-31T01:33:18.087Z,TRACK_SKIPPED_FORWARDS,2025-07-31T01:34:17.330Z,2025-07-31T01:34:17.463Z,2025-07-31T01:33:18.087Z,59243,59243,235656,AUDIO,0,1,1,59243
2025-07-31T01:28:48.279Z,Album,"Tears for Fears - The Tipping Point","Tears for Fears - Long, Long, Long Time",false,"United States",1586912660,1586912663,"search / artist_detail / album_detail",2025-07-31T01:28:48.279Z,NATURAL_END_OF_TRACK,2025-07-31T01:33:18.239Z,2025-07-31T01:33:18.325Z,2025-07-31T01:28:48.279Z,271756,269960,269960,AUDIO,0,1,0,269960
2025-07-31T01:24:35.382Z,Album,"Tears for Fears - The Tipping Point","Tears for Fears - The Tipping Point",false,"United States",1586912660,1586912662,"search / artist_detail / album_detail",2025-07-31T01:24:35.382Z,NATURAL_END_OF_TRACK,2025-07-31T01:28:46.592Z,2025-07-31T01:28:46.680Z,2025-07-31T01:24:35.382Z,253270,251210,251210,AUDIO,0,1,0,251210
2025-07-31T01:19:51.460Z,Album,"Tears for Fears - The Tipping Point","Tears for Fears - No Small Thing",false,"United States",1586912660,1586912661,"search / artist_detail / album_detail",2025-07-31T01:19:51.460Z,NATURAL_END_OF_TRACK,2025-07-31T01:24:33.460Z,2025-07-31T01:24:33.618Z,2025-07-31T01:19:51.460Z,282000,282000,282000,AUDIO,0,1,0,282000
2025-07-30T17:55:59.560Z,N/A,N/A,"Arch Enemy - Nemesis",false,"United States",N/A,1045077665,"search / search_landing / artist_detail",2025-07-30T17:55:59.560Z,"MANUALLY_SELECTED_PLAYBACK_OF_A_DIFF_ITEM",2025-07-31T01:19:49.868Z,2025-07-31T01:19:50.898Z,2025-07-31T01:18:56.598Z,89689,53270,252280,AUDIO,0,1,1,89689
2025-07-30T17:51:10.706Z,N/A,N/A,"Arch Enemy - Illuminate the Path",false,"United States",N/A,1768099544,"search / search_landing / artist_detail",2025-07-30T17:51:10.706Z,NATURAL_END_OF_TRACK,2025-07-30T17:55:59.559Z,2025-07-30T17:55:59.698Z,2025-07-30T17:51:10.706Z,288853,288853,288853,AUDIO,0,1,0,288853
2025-07-30T17:46:12.928Z,N/A,N/A,"Arch Enemy - The Watcher",false,"United States",N/A,1604942270,"search / search_landing / artist_detail",2025-07-30T17:46:12.928Z,NATURAL_END_OF_TRACK,2025-07-30T17:51:10.928Z,2025-07-30T17:51:10.982Z,2025-07-30T17:46:12.928Z,298000,298000,298000,AUDIO,0,1,0,298000
2025-07-27T12:47:49.197Z,N/A,N/A,"Arch Enemy - War Eternal",false,"United States",N/A,1045381528,"search / search_landing / artist_detail",2025-07-27T12:47:49.197Z,NATURAL_END_OF_TRACK,2025-07-30T17:46:12.675Z,2025-07-30T17:46:12.718Z,2025-07-30T17:45:42.968Z,256053,256053,256053,AUDIO,0,2,0,512106
2025-07-30T17:37:47.626Z,N/A,N/A,"Eyehategod - 30$ Bag (remastered 2007)",false,"United States",N/A,1045217626,"search / search_landing / artist_detail / see_all",2025-07-30T17:37:47.626Z,"MANUALLY_SELECTED_PLAYBACK_OF_A_DIFF_ITEM",2025-07-30T17:39:10.358Z,2025-07-30T17:39:10.664Z,2025-07-30T17:37:47.626Z,82732,82732,167413,AUDIO,0,1,1,82732
2025-07-30T17:36:21.834Z,N/A,N/A,"Eyehategod - Sabbath Jam",false,"United States",N/A,1575328542,"search / search_landing / artist_detail / see_all",2025-07-30T17:36:21.834Z,TRACK_SKIPPED_FORWARDS,2025-07-30T17:37:47.280Z,2025-07-30T17:37:47.455Z,2025-07-30T17:36:21.834Z,85446,85446,365706,AUDIO,0,1,1,85446
2025-07-30T17:32:28.392Z,N/A,N/A,"Eyehategod - Take As Needed for Pain (remastered 2007)",false,"United States",N/A,1045217636,"search / search_landing / artist_detail / see_all",2025-07-30T17:32:28.392Z,TRACK_SKIPPED_FORWARDS,2025-07-30T17:36:21.742Z,2025-07-30T17:36:21.914Z,2025-07-30T17:32:28.392Z,233350,233350,366947,AUDIO,0,1,1,233350
2025-07-30T17:28:04.246Z,N/A,N/A,"Jinjer - Cloud Factory",false,"United States",N/A,1321056939,"search / search_landing / artist_detail / see_all",2025-07-30T17:28:04.246Z,PLAYBACK_SUSPENDED,2025-07-30T17:28:10Z,2025-07-30T17:28:10.017Z,2025-07-30T17:28:04.246Z,5754,5754,284400,AUDIO,0,1,0,5754
2025-07-29T14:03:30.544Z,N/A,N/A,"Jinjer - Kafka",false,"United States",N/A,1772326788,"search / search_landing / artist_detail / see_all",2025-07-29T14:03:30.544Z,NATURAL_END_OF_TRACK,2025-07-30T17:28:04.196Z,2025-07-30T17:28:04.261Z,2025-07-30T17:27:38.986Z,249286,224077,249286,AUDIO,0,1,0,249287
2025-07-30T03:03:55.444Z,"Radio Station",N/A,"MurZo - Perfect Storm",false,"United States",ra.q-MP3EBw,1753180895,voice_control,2025-07-30T03:03:55.444Z,PLAYBACK_MANUALLY_PAUSED,2025-07-30T03:04:06.444Z,2025-07-30T03:04:06.444Z,2025-07-30T03:03:55.444Z,11000,11000,188000,AUDIO,0,1,0,11000
2025-07-29T19:49:20.256Z,"Radio Station",N/A,"Spandau Ballet - True (Remastered)",false,"United States",ra.1055200360,693107448,voice_control,2025-07-29T19:49:20.256Z,PLAYBACK_MANUALLY_PAUSED,2025-07-29T19:49:52.256Z,2025-07-29T19:49:52.256Z,2025-07-29T19:49:20.256Z,32000,32000,393000,AUDIO,0,1,0,32000
2025-07-29T19:46:19.398Z,"Radio Station",N/A,"Harold Faltermeyer - Axel F",false,"United States",ra.1055200360,1458388103,voice_control,2025-07-29T19:46:19.398Z,NATURAL_END_OF_TRACK,2025-07-29T19:49:20.398Z,2025-07-29T19:49:20.398Z,2025-07-29T19:46:19.398Z,181000,181000,181000,AUDIO,0,1,0,181000
2025-07-29T19:42:13.386Z,"Radio Station",N/A,"Huey Lewis and the News - The Heart of Rock and Roll (Single Edit)",false,"United States",ra.1055200360,725785088,voice_control,2025-07-29T19:42:13.386Z,NATURAL_END_OF_TRACK,2025-07-29T19:46:19.386Z,2025-07-29T19:46:19.386Z,2025-07-29T19:42:13.386Z,246000,246000,246000,AUDIO,0,1,0,246000
2025-07-29T19:38:06.779Z,"Radio Station",N/A,"Belinda Carlisle - Heaven is a Place on Earth",false,"United States",ra.1055200360,1440771048,voice_control,2025-07-29T19:38:06.779Z,NATURAL_END_OF_TRACK,2025-07-29T19:42:13.779Z,2025-07-29T19:42:13.779Z,2025-07-29T19:38:06.779Z,247000,247000,247000,AUDIO,0,1,0,247000
2025-07-29T19:32:30.570Z,"Radio Station",N/A,"Phil Collins - In the Air Tonight",false,"United States",ra.1055200360,1076779225,voice_control,2025-07-29T19:32:30.570Z,NATURAL_END_OF_TRACK,2025-07-29T19:38:06.570Z,2025-07-29T19:38:06.570Z,2025-07-29T19:32:30.570Z,336000,336000,336000,AUDIO,0,1,0,336000
2025-07-29T19:32:00.805Z,"Radio Station",N/A,"Alex Warren - Eternity",false,"United States",ra.686227433,1817735147,voice_control,2025-07-29T19:32:00.805Z,PLAYBACK_MANUALLY_PAUSED,2025-07-29T19:32:29.805Z,2025-07-29T19:32:29.805Z,2025-07-29T19:32:00.805Z,29000,29000,190000,AUDIO,0,1,0,29000
2025-07-29T16:01:25.980Z,"Radio Station",N/A,"Duran Duran - Hungry Like the Wolf (Single Version)",false,"United States",ra.1055200360,693602526,voice_control,2025-07-29T16:01:25.980Z,PLAYBACK_MANUALLY_PAUSED,2025-07-29T16:02:39.980Z,2025-07-29T16:02:39.980Z,2025-07-29T16:01:25.980Z,74000,74000,210000,AUDIO,0,1,0,74000
2025-07-29T15:57:43.012Z,"Radio Station",N/A,"The Outfield - Your Love",false,"United States",ra.1055200360,1670681199,voice_control,2025-07-29T15:57:43.012Z,NATURAL_END_OF_TRACK,2025-07-29T16:01:26.012Z,2025-07-29T16:01:26.012Z,2025-07-29T15:57:43.012Z,223000,223000,223000,AUDIO,0,1,0,223000
2025-07-29T15:49:48.947Z,"Radio Station",N/A,"Bon Jovi - Livin' On a Prayer",false,"United States",ra.1055200360,1422955211,voice_control,2025-07-29T15:49:48.947Z,NATURAL_END_OF_TRACK,2025-07-29T15:57:42.553Z,2025-07-29T15:57:42.553Z,2025-07-29T15:53:32.553Z,250000,250000,250000,AUDIO,0,1,0,268000
2025-07-29T15:45:07.531Z,"Radio Station",N/A,"Paul Simon - You Can Call Me Al",false,"United States",ra.1055200360,581741462,voice_control,2025-07-29T15:45:07.531Z,NATURAL_END_OF_TRACK,2025-07-29T15:49:48.531Z,2025-07-29T15:49:48.531Z,2025-07-29T15:45:07.531Z,281000,281000,281000,AUDIO,0,1,0,281000
2025-07-29T15:40:15.914Z,"Radio Station",N/A,"Echo & The Bunnymen - Lips Like Sugar",false,"United States",ra.1055200360,31740091,voice_control,2025-07-29T15:40:15.914Z,NATURAL_END_OF_TRACK,2025-07-29T15:45:07.914Z,2025-07-29T15:45:07.914Z,2025-07-29T15:40:15.914Z,292000,292000,292000,AUDIO,0,1,0,292000
2025-07-29T15:35:03.130Z,"Radio Station",N/A,"The Gap Band - You Dropped a Bomb on Me",false,"United States",ra.1055200360,1424520696,voice_control,2025-07-29T15:35:03.130Z,NATURAL_END_OF_TRACK,2025-07-29T15:40:16.130Z,2025-07-29T15:40:16.130Z,2025-07-29T15:35:03.130Z,313000,313000,313000,AUDIO,0,1,0,313000
2025-07-29T15:30:28.746Z,"Radio Station",N/A,"Whitney Houston - How Will I Know",false,"United States",ra.1055200360,349286433,voice_control,2025-07-29T15:30:28.746Z,NATURAL_END_OF_TRACK,2025-07-29T15:35:02.746Z,2025-07-29T15:35:02.746Z,2025-07-29T15:30:28.746Z,274000,274000,274000,AUDIO,0,1,0,274000
2025-07-29T15:26:37.077Z,"Radio Station",N/A,"The Pointer Sisters - Slow Hand",false,"United States",ra.1055200360,452398017,voice_control,2025-07-29T15:26:37.077Z,NATURAL_END_OF_TRACK,2025-07-29T15:30:29.077Z,2025-07-29T15:30:29.077Z,2025-07-29T15:26:37.077Z,232000,232000,232000,AUDIO,0,1,0,232000
2025-07-29T15:23:10.849Z,"Radio Station",N/A,"Dexys Midnight Runners - Come On Eileen (Single Edit)",false,"United States",ra.1055200360,1445280544,voice_control,2025-07-29T15:23:10.849Z,NATURAL_END_OF_TRACK,2025-07-29T15:26:36.849Z,2025-07-29T15:26:36.849Z,2025-07-29T15:23:10.849Z,206000,206000,206000,AUDIO,0,1,0,206000
2025-07-29T13:59:34.529Z,N/A,N/A,"Jinjer - Outlander",false,"United States",N/A,1321056926,"search / search_landing / artist_detail / see_all",2025-07-29T13:59:34.529Z,NATURAL_END_OF_TRACK,2025-07-29T14:03:30.555Z,2025-07-29T14:03:30.591Z,2025-07-29T13:59:34.529Z,236026,236026,236026,AUDIO,0,1,0,236026
2025-07-29T12:56:08.275Z,N/A,N/A,"Jinjer - lainnereP",false,"United States",N/A,1475962214,"search / search_landing / artist_detail / see_all",2025-07-29T12:56:08.275Z,NATURAL_END_OF_TRACK,2025-07-29T13:59:34.478Z,2025-07-29T13:59:34.516Z,2025-07-29T13:58:16.575Z,328027,162163,328026,AUDIO,0,1,0,328026
2025-07-29T12:53:28.641Z,N/A,N/A,"Jinjer - Rogue",false,"United States",N/A,1772326767,"search / search_landing / artist_detail / see_all",2025-07-29T12:53:28.641Z,TRACK_SKIPPED_FORWARDS,2025-07-29T12:56:07.921Z,2025-07-29T12:56:08.155Z,2025-07-29T12:53:28.641Z,159280,159280,192049,AUDIO,0,1,1,159280
2025-07-27T12:33:15.052Z,N/A,N/A,"Jinjer - Pisces",false,"United States",N/A,1183567528,"search / search_landing / artist_detail / see_all",2025-07-27T12:33:15.052Z,NATURAL_END_OF_TRACK,2025-07-29T12:53:28.633Z,2025-07-29T12:53:28.777Z,2025-07-29T12:48:23.062Z,305571,305571,305571,AUDIO,0,2,0,611142
2025-07-29T12:46:13.379Z,N/A,N/A,"Mastodon - The Motherload",false,"United States",N/A,866402582,"search / search_landing / artist_detail",2025-07-29T12:46:13.379Z,"MANUALLY_SELECTED_PLAYBACK_OF_A_DIFF_ITEM",2025-07-29T12:48:22.102Z,2025-07-29T12:48:22.886Z,2025-07-29T12:46:13.379Z,128723,128723,299786,AUDIO,0,1,1,128723
2025-07-29T12:44:09.261Z,N/A,N/A,"Mastodon - Oblivion",false,"United States",N/A,308924922,"search / search_landing / artist_detail",2025-07-29T12:44:09.261Z,TRACK_SKIPPED_FORWARDS,2025-07-29T12:46:13.165Z,2025-07-29T12:46:13.333Z,2025-07-29T12:44:09.261Z,123904,123904,346573,AUDIO,0,1,1,123904
2025-07-29T12:42:35.211Z,N/A,N/A,"Mastodon - I Am Ahab",false,"United States",N/A,65922968,"search / search_landing / artist_detail",2025-07-29T12:42:35.211Z,TRACK_SKIPPED_FORWARDS,2025-07-29T12:44:08.972Z,2025-07-29T12:44:09.137Z,2025-07-29T12:42:35.211Z,93761,93761,165853,AUDIO,0,1,1,93761
2025-07-29T12:38:26.923Z,N/A,N/A,"Mastodon - Blood and Thunder",false,"United States",N/A,65922935,"search / search_landing / artist_detail",2025-07-29T12:38:26.923Z,NATURAL_END_OF_TRACK,2025-07-29T12:42:35.202Z,2025-07-29T12:42:35.266Z,2025-07-29T12:38:46.615Z,228587,228587,228587,AUDIO,0,3,2,245773
2025-07-29T12:38:45.233Z,N/A,N/A,"Mastodon - Curl of the Burl",false,"United States",N/A,458811796,"search / search_landing / artist_detail",2025-07-29T12:38:45.233Z,"MANUALLY_SELECTED_PLAYBACK_OF_A_DIFF_ITEM",2025-07-29T12:38:46.042Z,2025-07-29T12:38:46.207Z,2025-07-29T12:38:45.233Z,809,809,220133,AUDIO,0,1,1,809
2025-07-28T20:48:37.725Z,"Radio Station",N/A,"U2 - I Still Haven't Found What I'm Looking For",false,"United States",ra.1055200360,1443155644,voice_control,2025-07-28T20:48:37.725Z,PLAYBACK_MANUALLY_PAUSED,2025-07-28T22:20:50.403Z,2025-07-28T22:20:50.403Z,2025-07-28T22:19:31.403Z,79000,79000,277000,AUDIO,0,1,0,231000
2025-07-28T20:44:55.792Z,"Radio Station",N/A,"Thomas Dolby - She Blinded Me With Science (2009 Remaster)",false,"United States",ra.1055200360,1437325477,voice_control,2025-07-28T20:44:55.792Z,NATURAL_END_OF_TRACK,2025-07-28T20:48:37.792Z,2025-07-28T20:48:37.792Z,2025-07-28T20:44:55.792Z,222000,222000,222000,AUDIO,0,1,0,222000
2025-07-28T20:40:25.562Z,"Radio Station",N/A,"Starship - Nothing's Gonna Stop Us Now",false,"United States",ra.1055200360,1446278331,voice_control,2025-07-28T20:40:25.562Z,NATURAL_END_OF_TRACK,2025-07-28T20:44:55.562Z,2025-07-28T20:44:55.562Z,2025-07-28T20:40:25.562Z,270000,270000,270000,AUDIO,0,1,0,270000
2025-07-28T20:37:31.082Z,"Radio Station",N/A,"Los Lobos - La Bamba",false,"United States",ra.1055200360,342347879,voice_control,2025-07-28T20:37:31.082Z,NATURAL_END_OF_TRACK,2025-07-28T20:40:25.082Z,2025-07-28T20:40:25.082Z,2025-07-28T20:37:31.082Z,174000,174000,174000,AUDIO,0,1,0,174000
2025-07-28T20:33:55.801Z,"Radio Station",N/A,"Prince & The Revolution - Raspberry Beret",false,"United States",ra.1055200360,1544292230,voice_control,2025-07-28T20:33:55.801Z,NATURAL_END_OF_TRACK,2025-07-28T20:37:30.801Z,2025-07-28T20:37:30.801Z,2025-07-28T20:33:55.801Z,215000,215000,215000,AUDIO,0,1,0,215000
2025-07-28T20:30:03.419Z,"Radio Station",N/A,"Heavy D & The Boyz - We Got Our Own Thang",false,"United States",ra.1055200360,1442869926,voice_control,2025-07-28T20:30:03.419Z,NATURAL_END_OF_TRACK,2025-07-28T20:33:55.419Z,2025-07-28T20:33:55.419Z,2025-07-28T20:30:03.419Z,232000,232000,232000,AUDIO,0,1,0,232000
2025-07-28T20:27:22.390Z,"Radio Station",N/A,"DEVO - Whip It",false,"United States",ra.1055200360,335254389,voice_control,2025-07-28T20:27:22.390Z,NATURAL_END_OF_TRACK,2025-07-28T20:30:03.390Z,2025-07-28T20:30:03.390Z,2025-07-28T20:27:22.390Z,161000,161000,161000,AUDIO,0,1,0,161000
2025-07-28T20:23:33.306Z,"Radio Station",N/A,"a-ha - Take On Me",false,"United States",ra.1055200360,392429593,voice_control,2025-07-28T20:23:33.306Z,NATURAL_END_OF_TRACK,2025-07-28T20:27:22.306Z,2025-07-28T20:27:22.306Z,2025-07-28T20:23:33.306Z,229000,229000,229000,AUDIO,0,1,0,229000
2025-07-28T20:16:35.139Z,"Radio Station",N/A,"Bonnie Tyler - Total Eclipse of the Heart",false,"United States",ra.1055200360,1504111288,voice_control,2025-07-28T20:16:35.139Z,NATURAL_END_OF_TRACK,2025-07-28T20:23:33.139Z,2025-07-28T20:23:33.139Z,2025-07-28T20:16:35.139Z,418000,418000,418000,AUDIO,0,1,0,418000
2025-07-28T20:12:58.166Z,"Radio Station",N/A,"Eurythmics - Sweet Dreams (Are Made of This)",false,"United States",ra.1055200360,207057617,voice_control,2025-07-28T20:12:58.166Z,NATURAL_END_OF_TRACK,2025-07-28T20:16:35.166Z,2025-07-28T20:16:35.166Z,2025-07-28T20:12:58.166Z,217000,217000,217000,AUDIO,0,1,0,217000
2025-07-28T20:08:41.356Z,"Radio Station",N/A,"Mr. Mister - Kyrie",false,"United States",ra.1055200360,303089727,voice_control,2025-07-28T20:08:41.356Z,NATURAL_END_OF_TRACK,2025-07-28T20:12:58.356Z,2025-07-28T20:12:58.356Z,2025-07-28T20:08:41.356Z,257000,257000,257000,AUDIO,0,1,0,257000
2025-07-28T20:04:57.603Z,"Radio Station",N/A,"Pet Shop Boys - Opportunities (Let's Make Lots of Money)",false,"United States",ra.1055200360,1321156062,voice_control,2025-07-28T20:04:57.603Z,NATURAL_END_OF_TRACK,2025-07-28T20:08:41.603Z,2025-07-28T20:08:41.603Z,2025-07-28T20:04:57.603Z,224000,224000,224000,AUDIO,0,1,0,224000
2025-07-28T20:01:23.703Z,"Radio Station",N/A,"Shannon - Let the Music Play",false,"United States",ra.1055200360,287286691,voice_control,2025-07-28T20:01:23.703Z,NATURAL_END_OF_TRACK,2025-07-28T20:04:57.703Z,2025-07-28T20:04:57.703Z,2025-07-28T20:01:23.703Z,214000,214000,214000,AUDIO,0,1,0,214000
2025-07-28T19:58:44.292Z,"Radio Station",N/A,"Bruce Springsteen - I'm On Fire",false,"United States",ra.1055200360,203708893,voice_control,2025-07-28T19:58:44.292Z,NATURAL_END_OF_TRACK,2025-07-28T20:01:23.292Z,2025-07-28T20:01:23.292Z,2025-07-28T19:58:44.292Z,159000,159000,159000,AUDIO,0,1,0,159000
2025-07-28T19:54:39.060Z,"Radio Station",N/A,"Gregory Abbott - Shake You Down",false,"United States",ra.1055200360,1252719278,voice_control,2025-07-28T19:54:39.060Z,NATURAL_END_OF_TRACK,2025-07-28T19:58:44.060Z,2025-07-28T19:58:44.060Z,2025-07-28T19:54:39.060Z,245000,245000,245000,AUDIO,0,1,0,245000
2025-07-28T19:51:17.734Z,"Radio Station",N/A,"REO Speedwagon - Keep On Loving You",false,"United States",ra.1055200360,385550946,voice_control,2025-07-28T19:51:17.734Z,NATURAL_END_OF_TRACK,2025-07-28T19:54:38.734Z,2025-07-28T19:54:38.734Z,2025-07-28T19:51:17.734Z,201000,201000,201000,AUDIO,0,1,0,201000
2025-07-28T19:47:22.564Z,"Radio Station",N/A,"Cyndi Lauper - Girls Just Want to Have Fun",false,"United States",ra.1055200360,187488205,voice_control,2025-07-28T19:47:22.564Z,NATURAL_END_OF_TRACK,2025-07-28T19:51:17.564Z,2025-07-28T19:51:17.564Z,2025-07-28T19:47:22.564Z,235000,235000,235000,AUDIO,0,1,0,235000
2025-07-28T19:43:33.252Z,"Radio Station",N/A,"Eric B. & Rakim - Paid In Full",false,"United States",ra.1055200360,1440841589,voice_control,2025-07-28T19:43:33.252Z,NATURAL_END_OF_TRACK,2025-07-28T19:47:22.252Z,2025-07-28T19:47:22.252Z,2025-07-28T19:43:33.252Z,229000,229000,229000,AUDIO,0,1,0,229000
2025-07-28T19:39:21.324Z,"Radio Station",N/A,"Scorpions - Rock You Like a Hurricane",false,"United States",ra.1055200360,1425261763,voice_control,2025-07-28T19:39:21.324Z,NATURAL_END_OF_TRACK,2025-07-28T19:43:33.324Z,2025-07-28T19:43:33.324Z,2025-07-28T19:39:21.324Z,252000,252000,252000,AUDIO,0,1,0,252000
2025-07-28T19:39:12.464Z,"Radio Station",N/A,"Blondie - Rapture",false,"United States",ra.1055200360,724403460,voice_control,2025-07-28T19:39:12.464Z,PLAYBACK_MANUALLY_PAUSED,2025-07-28T19:39:20.464Z,2025-07-28T19:39:20.464Z,2025-07-28T19:39:12.464Z,8000,8000,391000,AUDIO,0,1,0,8000
2025-07-28T19:17:39.110Z,"Radio Station",N/A,"Michael Sembello - Maniac",false,"United States",ra.1055200360,1425259944,voice_control,2025-07-28T19:17:39.110Z,NATURAL_END_OF_TRACK,2025-07-28T19:39:08.644Z,2025-07-28T19:39:08.644Z,2025-07-28T19:35:03.644Z,245000,245000,245000,AUDIO,0,1,0,488000
2025-07-28T19:12:38.536Z,"Radio Station",N/A,"Foreigner - I Want to Know What Love Is",false,"United States",ra.1055200360,284531789,voice_control,2025-07-28T19:12:38.536Z,NATURAL_END_OF_TRACK,2025-07-28T19:17:39.536Z,2025-07-28T19:17:39.536Z,2025-07-28T19:12:38.536Z,301000,301000,301000,AUDIO,0,1,0,301000
2025-07-28T19:07:38.378Z,"Radio Station",N/A,"George Michael - Careless Whisper",false,"United States",ra.1055200360,429945616,voice_control,2025-07-28T19:07:38.378Z,NATURAL_END_OF_TRACK,2025-07-28T19:12:38.378Z,2025-07-28T19:12:38.378Z,2025-07-28T19:07:38.378Z,300000,300000,300000,AUDIO,0,1,0,300000
2025-07-28T19:03:39.315Z,"Radio Station",N/A,"Madonna - Express Yourself",false,"United States",ra.1055200360,1490037896,voice_control,2025-07-28T19:03:39.315Z,NATURAL_END_OF_TRACK,2025-07-28T19:07:38.315Z,2025-07-28T19:07:38.315Z,2025-07-28T19:03:39.315Z,239000,239000,239000,AUDIO,0,1,0,239000
2025-07-28T19:01:29.746Z,"Radio Station",N/A,"Run-DMC - Peter Piper",false,"United States",ra.1055200360,1498287836,voice_control,2025-07-28T19:01:29.746Z,PLAYBACK_MANUALLY_PAUSED,2025-07-28T19:03:38.746Z,2025-07-28T19:03:38.746Z,2025-07-28T19:01:29.746Z,129000,129000,204000,AUDIO,0,1,0,129000
2025-07-28T18:56:18.300Z,"Radio Station",N/A,"A Flock of Seagulls - I Ran (So Far Away)",false,"United States",ra.1055200360,266222276,voice_control,2025-07-28T18:56:18.300Z,NATURAL_END_OF_TRACK,2025-07-28T19:01:27.300Z,2025-07-28T19:01:27.300Z,2025-07-28T18:56:18.300Z,309000,309000,309000,AUDIO,0,1,0,309000
2025-07-28T18:52:14.141Z,"Radio Station",N/A,"Survivor - Eye of the Tiger",false,"United States",ra.1055200360,254685026,voice_control,2025-07-28T18:52:14.141Z,NATURAL_END_OF_TRACK,2025-07-28T18:56:18.141Z,2025-07-28T18:56:18.141Z,2025-07-28T18:52:14.141Z,244000,244000,244000,AUDIO,0,1,0,244000
2025-07-28T18:47:58.649Z,"Radio Station",N/A,"Berlin - Take My Breath Away (Love Theme from ""Top Gun"")",false,"United States",ra.1055200360,387194076,voice_control,2025-07-28T18:47:58.649Z,NATURAL_END_OF_TRACK,2025-07-28T18:52:14.649Z,2025-07-28T18:52:14.649Z,2025-07-28T18:47:58.649Z,256000,256000,256000,AUDIO,0,1,0,256000
2025-07-28T18:44:45.846Z,"Radio Station",N/A,"George Michael - Faith",false,"United States",ra.1055200360,395918958,voice_control,2025-07-28T18:44:45.846Z,NATURAL_END_OF_TRACK,2025-07-28T18:47:58.846Z,2025-07-28T18:47:58.846Z,2025-07-28T18:44:45.846Z,193000,193000,193000,AUDIO,0,1,0,193000
2025-07-28T18:41:24.776Z,"Radio Station",N/A,"Men At Work - Who Can It Be Now?",false,"United States",ra.1055200360,282960963,voice_control,2025-07-28T18:41:24.776Z,NATURAL_END_OF_TRACK,2025-07-28T18:44:45.776Z,2025-07-28T18:44:45.776Z,2025-07-28T18:41:24.776Z,201000,201000,201000,AUDIO,0,1,0,201000
2025-07-28T18:39:00.393Z,"Radio Station",N/A,"Violent Femmes - Blister In The Sun",false,"United States",ra.1055200360,1706571324,voice_control,2025-07-28T18:39:00.393Z,NATURAL_END_OF_TRACK,2025-07-28T18:41:24.393Z,2025-07-28T18:41:24.393Z,2025-07-28T18:39:00.393Z,144000,144000,144000,AUDIO,0,1,0,144000
2025-07-28T15:40:33.044Z,"Radio Station",N/A,"Chicago - Hard Habit to Break",false,"United States",ra.1055200360,1107766023,voice_control,2025-07-28T15:40:33.044Z,PLAYBACK_MANUALLY_PAUSED,2025-07-28T15:44:27.044Z,2025-07-28T15:44:27.044Z,2025-07-28T15:40:33.044Z,234000,234000,285000,AUDIO,0,1,0,234000
2025-07-28T15:36:46.379Z,"Radio Station",N/A,"Tina Turner - What's Love Got to Do with It",false,"United States",ra.1055200360,804178540,voice_control,2025-07-28T15:36:46.379Z,NATURAL_END_OF_TRACK,2025-07-28T15:40:33.379Z,2025-07-28T15:40:33.379Z,2025-07-28T15:36:46.379Z,227000,227000,227000,AUDIO,0,1,0,227000
2025-07-28T15:32:49.552Z,"Radio Station",N/A,"Frankie Goes to Hollywood - Relax",false,"United States",ra.1055200360,1365569655,voice_control,2025-07-28T15:32:49.552Z,NATURAL_END_OF_TRACK,2025-07-28T15:36:46.552Z,2025-07-28T15:36:46.552Z,2025-07-28T15:32:49.552Z,237000,237000,237000,AUDIO,0,1,0,237000
2025-07-28T15:25:21.702Z,"Radio Station",N/A,"Melle Mel & Grandmaster Flash - White Lines (Don't Do It) [Original Long Version]",false,"United States",ra.1055200360,316385504,voice_control,2025-07-28T15:25:21.702Z,NATURAL_END_OF_TRACK,2025-07-28T15:32:49.702Z,2025-07-28T15:32:49.702Z,2025-07-28T15:25:21.702Z,448000,448000,448000,AUDIO,0,1,0,448000
2025-07-28T15:21:08.815Z,"Radio Station",N/A,"The Cult - She Sells Sanctuary",false,"United States",ra.1055200360,1028833873,voice_control,2025-07-28T15:21:08.815Z,NATURAL_END_OF_TRACK,2025-07-28T15:25:21.815Z,2025-07-28T15:25:21.815Z,2025-07-28T15:21:08.815Z,253000,253000,253000,AUDIO,0,1,0,253000
2025-07-28T15:16:14.307Z,"Radio Station",N/A,"Toto - Africa",false,"United States",ra.1055200360,185717604,voice_control,2025-07-28T15:16:14.307Z,NATURAL_END_OF_TRACK,2025-07-28T15:21:09.307Z,2025-07-28T15:21:09.307Z,2025-07-28T15:16:14.307Z,295000,295000,295000,AUDIO,0,1,0,295000
2025-07-28T15:11:18.890Z,"Radio Station",N/A,"Laura Branigan - Gloria (Single Version)",false,"United States",ra.1055200360,253339563,voice_control,2025-07-28T15:11:18.890Z,NATURAL_END_OF_TRACK,2025-07-28T15:16:13.890Z,2025-07-28T15:16:13.890Z,2025-07-28T15:11:18.890Z,295000,295000,295000,AUDIO,0,1,0,295000
2025-07-28T15:08:20.945Z,"Radio Station",N/A,"Billy Joel - It's Still Rock and Roll to Me",false,"United States",ra.1055200360,158618562,voice_control,2025-07-28T15:08:20.945Z,NATURAL_END_OF_TRACK,2025-07-28T15:11:18.945Z,2025-07-28T15:11:18.945Z,2025-07-28T15:08:20.945Z,178000,178000,178000,AUDIO,0,1,0,178000
2025-07-28T15:03:29.618Z,"Radio Station",N/A,"Bobby McFerrin - Don't Worry, Be Happy",false,"United States",ra.1055200360,724862378,voice_control,2025-07-28T15:03:29.618Z,NATURAL_END_OF_TRACK,2025-07-28T15:08:21.618Z,2025-07-28T15:08:21.618Z,2025-07-28T15:03:29.618Z,292000,292000,292000,AUDIO,0,1,0,292000
2025-07-28T14:59:11.695Z,"Radio Station",N/A,"Bruce Springsteen - Glory Days",false,"United States",ra.1055200360,203709191,voice_control,2025-07-28T14:59:11.695Z,NATURAL_END_OF_TRACK,2025-07-28T15:03:29.695Z,2025-07-28T15:03:29.695Z,2025-07-28T14:59:11.695Z,258000,258000,258000,AUDIO,0,1,0,258000
2025-07-28T14:55:08.456Z,"Radio Station",N/A,"Biz Markie - Just a Friend",false,"United States",ra.1055200360,283031121,voice_control,2025-07-28T14:55:08.456Z,NATURAL_END_OF_TRACK,2025-07-28T14:59:11.456Z,2025-07-28T14:59:11.456Z,2025-07-28T14:55:08.456Z,243000,243000,243000,AUDIO,0,1,0,243000
2025-07-28T14:51:14.950Z,"Radio Station",N/A,"Talk Talk - It's My Life (Remastered 1997)",false,"United States",ra.1055200360,695469004,voice_control,2025-07-28T14:51:14.950Z,NATURAL_END_OF_TRACK,2025-07-28T14:55:08.950Z,2025-07-28T14:55:08.950Z,2025-07-28T14:51:14.950Z,234000,234000,234000,AUDIO,0,1,0,234000
2025-07-28T14:46:43.363Z,"Radio Station",N/A,"Daryl Hall & John Oates - Maneater",false,"United States",ra.1055200360,273750250,voice_control,2025-07-28T14:46:43.363Z,NATURAL_END_OF_TRACK,2025-07-28T14:51:15.363Z,2025-07-28T14:51:15.363Z,2025-07-28T14:46:43.363Z,272000,272000,272000,AUDIO,0,1,0,272000
2025-07-27T16:35:47.566Z,"Radio Station",N/A,"Ozzy Osbourne - No More Tears",false,"United States",ra.a-886834,1585398549,voice_control,2025-07-27T16:35:47.566Z,PLAYBACK_MANUALLY_PAUSED,2025-07-27T16:36:08.566Z,2025-07-27T16:36:08.566Z,2025-07-27T16:35:47.566Z,21000,21000,445000,AUDIO,0,1,0,21000
2025-07-27T16:31:03.755Z,"Radio Station",N/A,"Ozzy Osbourne - Flying High Again",false,"United States",ra.a-886834,1592004621,voice_control,2025-07-27T16:31:03.755Z,NATURAL_END_OF_TRACK,2025-07-27T16:35:47.755Z,2025-07-27T16:35:47.755Z,2025-07-27T16:31:03.755Z,284000,284000,284000,AUDIO,0,1,0,284000
2025-07-27T16:26:46.605Z,"Radio Station",N/A,"Ozzy Osbourne - Bark at the Moon",false,"United States",ra.a-886834,192826926,voice_control,2025-07-27T16:26:46.605Z,NATURAL_END_OF_TRACK,2025-07-27T16:31:03.605Z,2025-07-27T16:31:03.605Z,2025-07-27T16:26:46.605Z,257000,257000,257000,AUDIO,0,1,0,257000
2025-07-27T16:23:28.106Z,"Radio Station",N/A,"Daryl Hall & John Oates - I Can't Go for That (No Can Do)",false,"United States",ra.1055200360,217749916,voice_control,2025-07-27T16:23:28.106Z,PLAYBACK_MANUALLY_PAUSED,2025-07-27T16:26:46.106Z,2025-07-27T16:26:46.106Z,2025-07-27T16:23:28.106Z,198000,198000,307000,AUDIO,0,1,0,198000
2025-07-27T16:19:23.017Z,"Radio Station",N/A,"David Bowie - Let's Dance (2002 Remaster)",false,"United States",ra.1055200360,697651447,voice_control,2025-07-27T16:19:23.017Z,NATURAL_END_OF_TRACK,2025-07-27T16:23:28.017Z,2025-07-27T16:23:28.017Z,2025-07-27T16:19:23.017Z,245000,245000,245000,AUDIO,0,1,0,245000
2025-07-27T16:14:29.452Z,"Radio Station",N/A,"Whitney Houston - I Wanna Dance with Somebody (Who Loves Me)",false,"United States",ra.1055200360,840431935,voice_control,2025-07-27T16:14:29.452Z,NATURAL_END_OF_TRACK,2025-07-27T16:19:22.452Z,2025-07-27T16:19:22.452Z,2025-07-27T16:14:29.452Z,293000,293000,293000,AUDIO,0,1,0,293000
2025-07-27T16:10:29.476Z,"Radio Station",N/A,"LL COOL J - Rock the Bells",false,"United States",ra.1055200360,1443531714,voice_control,2025-07-27T16:10:29.476Z,NATURAL_END_OF_TRACK,2025-07-27T16:14:29.476Z,2025-07-27T16:14:29.476Z,2025-07-27T16:10:29.476Z,240000,240000,240000,AUDIO,0,1,0,240000
2025-07-27T16:07:46.956Z,"Radio Station",N/A,"Bow Wow Wow - I Want Candy",false,"United States",ra.1055200360,282215728,voice_control,2025-07-27T16:07:46.956Z,NATURAL_END_OF_TRACK,2025-07-27T16:10:28.956Z,2025-07-27T16:10:28.956Z,2025-07-27T16:07:46.956Z,162000,162000,162000,AUDIO,0,1,0,162000
2025-07-27T16:03:50.226Z,"Radio Station",N/A,"The Human League - Don't You Want Me",false,"United States",ra.1055200360,724437870,voice_control,2025-07-27T16:03:50.226Z,NATURAL_END_OF_TRACK,2025-07-27T16:07:47.226Z,2025-07-27T16:07:47.226Z,2025-07-27T16:03:50.226Z,237000,237000,237000,AUDIO,0,1,0,237000
2025-07-27T12:52:31.464Z,N/A,N/A,"A Million Suns",false,"United States",N/A,1803612504,"search / search_landing / ",2025-07-27T12:52:31.464Z,"MANUALLY_SELECTED_PLAYBACK_OF_A_DIFF_ITEM",2025-07-27T12:53:30.522Z,2025-07-27T12:53:33.975Z,2025-07-27T12:52:31.464Z,59058,59058,224448,VIDEO,0,1,1,59058
2025-07-27T12:52:04.961Z,N/A,N/A,"Arch Enemy - A Million Suns",false,"United States",N/A,1768099824,"search / search_landing / artist_detail / artist_detail",2025-07-27T12:52:04.961Z,"MANUALLY_SELECTED_PLAYBACK_OF_A_DIFF_ITEM",2025-07-27T12:52:25.223Z,2025-07-27T12:52:31.411Z,2025-07-27T12:52:04.961Z,20262,20262,225840,AUDIO,0,1,1,20262
2025-07-27T12:46:55.622Z,N/A,N/A,"Jinjer - Pit of Consciousness",false,"United States",N/A,1475962202,"search / search_landing / artist_detail / see_all",2025-07-27T12:46:55.622Z,"MANUALLY_SELECTED_PLAYBACK_OF_A_DIFF_ITEM",2025-07-27T12:47:47.757Z,2025-07-27T12:47:48.641Z,2025-07-27T12:46:55.622Z,52135,52135,252454,AUDIO,0,1,1,52135
2025-07-27T12:42:38.563Z,N/A,N/A,"Jinjer - Someone's Daughter",false,"United States",N/A,1757655227,"search / search_landing / artist_detail / see_all",2025-07-27T12:42:38.563Z,NATURAL_END_OF_TRACK,2025-07-27T12:46:55.959Z,2025-07-27T12:46:56.026Z,2025-07-27T12:42:38.563Z,257396,257396,257396,AUDIO,0,1,0,257396
2025-07-27T12:38:22.491Z,N/A,N/A,"Jinjer - Wallflower",false,"United States",N/A,1569868216,"search / search_landing / artist_detail / see_all",2025-07-27T12:38:22.491Z,NATURAL_END_OF_TRACK,2025-07-27T12:42:40.386Z,2025-07-27T12:42:40.446Z,2025-07-27T12:38:22.491Z,257895,257895,257895,AUDIO,0,1,0,257895
2025-07-27T01:38:29.118Z,N/A,N/A,"Depeche Mode - New Life",false,"United States",N/A,665412548,"search / search_landing / catalog / see_all",2025-07-27T01:38:29.118Z,"MANUALLY_SELECTED_PLAYBACK_OF_A_DIFF_ITEM",2025-07-27T12:33:12.953Z,2025-07-27T12:33:14.758Z,2025-07-27T12:32:57.473Z,129238,113758,224173,AUDIO,0,1,1,129238
2025-07-26T16:19:24.272Z,N/A,N/A,"Depeche Mode - Halo",false,"United States",N/A,1174246827,"search / search_landing / catalog / see_all",2025-07-26T16:19:24.272Z,NATURAL_END_OF_TRACK,2025-07-27T01:38:29.418Z,2025-07-27T01:38:29.498Z,2025-07-27T01:35:19.714Z,270187,189704,270187,AUDIO,0,1,0,270187
2025-07-27T01:15:55.266Z,"Radio Station",N/A,"Ozzy Osbourne - Mr. Tinkertrain",false,"United States",ra.a-886834,1585398361,voice_control,2025-07-27T01:15:55.266Z,PLAYBACK_MANUALLY_PAUSED,2025-07-27T01:17:15.266Z,2025-07-27T01:17:15.266Z,2025-07-27T01:15:55.266Z,80000,80000,357000,AUDIO,0,1,0,80000
2025-07-27T01:15:40.460Z,"Radio Station",N/A,"Ozzy Osbourne - See You On the Other Side",false,"United States",ra.a-886834,192899065,voice_control,2025-07-27T01:15:40.460Z,PLAYBACK_MANUALLY_PAUSED,2025-07-27T01:15:54.460Z,2025-07-27T01:15:54.460Z,2025-07-27T01:15:40.460Z,14000,14000,370000,AUDIO,0,1,0,14000
2025-07-27T01:11:18.235Z,N/A,N/A,"Ozzy Osbourne - Mama, I'm Coming Home",false,"United States",N/A,1585398546,voice_control,2025-07-27T01:11:18.235Z,PLAYBACK_MANUALLY_PAUSED,2025-07-27T01:15:29.235Z,2025-07-27T01:15:29.235Z,2025-07-27T01:11:18.235Z,251000,251000,252000,AUDIO,0,1,0,251000
2025-07-27T01:04:44.915Z,"Radio Station",N/A,"Ozzy Osbourne - Mama, I'm Coming Home",false,"United States",ra.a-886834,1585398546,voice_control,2025-07-27T01:04:44.915Z,PLAYBACK_MANUALLY_PAUSED,2025-07-27T01:06:30.915Z,2025-07-27T01:06:30.915Z,2025-07-27T01:04:44.915Z,106000,106000,252000,AUDIO,0,1,0,106000
2025-07-27T00:59:51.632Z,"Radio Station",N/A,"Ozzy Osbourne - Hellraiser",false,"United States",ra.a-886834,1585398553,voice_control,2025-07-27T00:59:51.632Z,NATURAL_END_OF_TRACK,2025-07-27T01:04:44.632Z,2025-07-27T01:04:44.632Z,2025-07-27T00:59:51.632Z,293000,293000,293000,AUDIO,0,1,0,293000
2025-07-26T16:07:34.878Z,N/A,N/A,"Depeche Mode - Policy of Truth",false,"United States",N/A,1174246890,"search / search_landing / catalog / see_all",2025-07-26T16:07:34.878Z,NATURAL_END_OF_TRACK,2025-07-26T16:19:24.275Z,2025-07-26T16:19:24.321Z,2025-07-26T16:18:16.065Z,295280,213120,295280,AUDIO,0,1,0,295280
2025-07-26T16:03:10.791Z,N/A,N/A,"Depeche Mode - Master and Servant",false,"United States",N/A,665414560,"search / search_landing / catalog / see_all",2025-07-26T16:03:10.791Z,NATURAL_END_OF_TRACK,2025-07-26T16:07:34.886Z,2025-07-26T16:07:34.922Z,2025-07-26T16:03:44.515Z,252933,230371,252933,AUDIO,0,1,0,252933
2025-07-26T01:33:02.010Z,N/A,N/A,"Depeche Mode - Barrel of a Gun",false,"United States",N/A,1174247381,"search / search_landing / catalog / see_all",2025-07-26T01:33:02.010Z,NATURAL_END_OF_TRACK,2025-07-26T16:03:10.929Z,2025-07-26T16:03:10.973Z,2025-07-26T16:01:18.699Z,336293,168624,336293,AUDIO,0,1,0,336293
2025-07-26T04:10:25.108Z,Playlist,N/A,"OCEANO - Blossom (Nature)",false,"United States","pl.7443acde692445d0b48a53e2791392e5",1746189998,voice_control,2025-07-26T04:10:25.108Z,PLAYBACK_MANUALLY_PAUSED,2025-07-26T04:10:29.108Z,2025-07-26T04:10:29.108Z,2025-07-26T04:10:25.108Z,4000,4000,206000,AUDIO,0,1,0,4000
2025-07-26T01:29:01.242Z,N/A,N/A,"Depeche Mode - A Question of Time",false,"United States",N/A,665416554,"search / search_landing / catalog / see_all",2025-07-26T01:29:01.242Z,NATURAL_END_OF_TRACK,2025-07-26T01:33:01.668Z,2025-07-26T01:33:01.707Z,2025-07-26T01:29:01.242Z,240426,240426,240426,AUDIO,0,1,0,240426
2025-07-26T01:24:43.290Z,N/A,N/A,"Depeche Mode - Nothing",false,"United States",N/A,1174247226,"search / search_landing / catalog / see_all",2025-07-26T01:24:43.290Z,NATURAL_END_OF_TRACK,2025-07-26T01:29:01.463Z,2025-07-26T01:29:01.494Z,2025-07-26T01:24:43.290Z,258173,258173,258173,AUDIO,0,1,0,258173
2025-07-26T01:20:51.151Z,N/A,N/A,"Depeche Mode - People Are People",false,"United States",N/A,665414308,"search / search_landing / catalog / see_all",2025-07-26T01:20:51.151Z,NATURAL_END_OF_TRACK,2025-07-26T01:24:43.124Z,2025-07-26T01:24:43.167Z,2025-07-26T01:20:51.151Z,231973,231973,231973,AUDIO,0,1,0,231973
2025-07-26T01:13:37.063Z,N/A,N/A,"Depeche Mode - Enjoy the Silence",false,"United States",N/A,1174246889,"search / search_landing / catalog / see_all",2025-07-26T01:13:37.063Z,NATURAL_END_OF_TRACK,2025-07-26T01:20:51.085Z,2025-07-26T01:20:51.132Z,2025-07-26T01:15:14.061Z,372827,337024,372827,AUDIO,0,1,0,372827
2025-07-25T19:28:30.174Z,Album,"Juice WRLD & XXXTENTACION - The Way - Single","Juice WRLD & XXXTENTACION - The Way",false,"United States",1823834435,1823834436,home,2025-07-25T19:28:30.174Z,"MANUALLY_SELECTED_PLAYBACK_OF_A_DIFF_ITEM",2025-07-26T01:13:35.360Z,2025-07-26T01:13:36.892Z,2025-07-26T01:13:00.413Z,105927,34947,230000,AUDIO,0,1,1,80640
2025-07-26T01:12:42.156Z,N/A,N/A,"Justin Bieber - Changes",false,"United States",N/A,1496639778,N/A,2025-07-26T01:12:42.156Z,"MANUALLY_SELECTED_PLAYBACK_OF_A_DIFF_ITEM",2025-07-26T01:12:59.373Z,2025-07-26T01:13:00.296Z,2025-07-26T01:12:42.156Z,17217,17217,135492,AUDIO,0,1,1,17217
2025-07-24T03:11:08.336Z,Album,"David Guetta & Sia - Beautiful People - Single","David Guetta & Sia - Beautiful People",false,"United States",1795765069,1795765087,"search / playlist_detail / room / artist_detail / room / album_detail",2025-07-24T03:11:08.336Z,PLAYBACK_MANUALLY_PAUSED,2025-07-25T22:08:19.260Z,2025-07-25T22:08:19.310Z,2025-07-25T22:08:17.170Z,83991,54591,187000,AUDIO,0,1,0,83271
2025-07-25T22:06:23.765Z,Album,"Sam Smith - To Be Free - Single","Sam Smith - To Be Free",false,"United States",1827908844,1827908845,"search / artist_detail / room / album_detail",2025-07-25T22:06:23.765Z,PLAYBACK_MANUALLY_PAUSED,2025-07-25T22:06:44.075Z,2025-07-25T22:06:44.114Z,2025-07-25T22:06:42.903Z,151172,11580,255000,AUDIO,0,1,0,19949
2025-07-21T16:22:45.180Z,Album,"Addison Rae - Addison","Addison Rae - Fame is a Gun",false,"United States",1809015416,1809015879,"search / artist_detail",2025-07-21T16:22:45.180Z,PLAYBACK_MANUALLY_PAUSED,2025-07-25T19:39:00.647Z,2025-07-25T19:39:00.676Z,2025-07-25T19:36:26.958Z,160797,153689,183000,AUDIO,0,1,0,266951
2025-07-25T19:32:12.101Z,Album,"ROSÉ - Messy (From F1® The Movie) - Single","ROSÉ - Messy (From F1® The Movie)",false,"United States",1812102239,1812102249,"search / artist_detail / album_detail",2025-07-25T19:32:12.101Z,SCRUB_BEGIN,2025-07-25T19:32:39.191Z,2025-07-25T19:32:39.250Z,2025-07-25T19:32:39.147Z,69890,60195,179000,AUDIO,0,1,0,60669
2025-07-25T19:27:37.899Z,Album,"Lil Nas X - LEAN ON MY BODY - Single","Lil Nas X - LEAN ON MY BODY",false,"United States",1802954532,1802954533,"search / artist_detail / artist_detail / room / album_detail",2025-07-25T19:27:37.899Z,PLAYBACK_MANUALLY_PAUSED,2025-07-25T19:28:07.596Z,2025-07-25T19:28:07.625Z,2025-07-25T19:27:49.008Z,37043,18588,205000,AUDIO,0,1,0,27046
2025-07-25T19:26:59.858Z,Album,"Lil Nas X - Days Before Dreamboy","Lil Nas X - LIGHT AGAIN!",false,"United States",1804385023,1804385260,"search / artist_detail / artist_detail / album_detail",2025-07-25T19:26:59.858Z,PLAYBACK_MANUALLY_PAUSED,2025-07-25T19:27:18.734Z,2025-07-25T19:27:18.769Z,2025-07-25T19:27:13.806Z,6853,4928,177000,AUDIO,0,1,0,8362
2025-07-25T19:26:49.342Z,Album,"Lil Nas X - Days Before Dreamboy","Lil Nas X - HOTBOX",false,"United States",1804385023,1804385247,"search / artist_detail / artist_detail / album_detail",2025-07-25T19:26:49.342Z,PLAYBACK_MANUALLY_PAUSED,2025-07-25T19:26:50.736Z,2025-07-25T19:26:50.782Z,2025-07-25T19:26:49.342Z,1394,1394,182000,AUDIO,0,1,0,1394
2025-07-25T19:23:54.868Z,Album,"Dasha - Not At This Party - Single","Dasha - Not At This Party",false,"United States",1794439510,1794439511,"search / artist_detail / room / album_detail / album_detail",2025-07-25T19:23:54.868Z,SCRUB_BEGIN,2025-07-25T19:24:27.852Z,2025-07-25T19:24:28.004Z,2025-07-25T19:24:27.852Z,125276,117356,212000,AUDIO,0,1,0,117419
2025-07-24T01:39:42.348Z,Album,"Depeche Mode - Memento Mori","Depeche Mode - Speak To Me",false,"United States",1670265523,1670266069,"search / artist_detail / album_detail",2025-07-24T01:39:42.348Z,OTHER,2025-07-25T16:38:21.334Z,2025-07-25T16:38:21.446Z,2025-07-25T16:36:22.875Z,275912,275912,275912,AUDIO,0,1,0,394371
2025-07-24T01:35:38.751Z,Album,"Depeche Mode - Memento Mori","Depeche Mode - Never Let Me Go",false,"United States",1670265523,1670266066,"search / artist_detail / album_detail",2025-07-24T01:35:38.751Z,NATURAL_END_OF_TRACK,2025-07-25T16:36:23.043Z,2025-07-25T16:36:23.076Z,2025-07-25T16:32:19.198Z,243845,243845,243845,AUDIO,0,2,0,487690
2025-07-24T01:31:19.836Z,Album,"Depeche Mode - Memento Mori","Depeche Mode - Always You",false,"United States",1670265523,1670265853,"search / artist_detail / album_detail",2025-07-24T01:31:19.836Z,NATURAL_END_OF_TRACK,2025-07-25T16:32:19.255Z,2025-07-25T16:32:19.328Z,2025-07-25T16:28:00.298Z,258957,258957,258957,AUDIO,0,2,0,517914
2025-07-23T17:41:43.913Z,Album,"Depeche Mode - Memento Mori","Depeche Mode - People Are Good",false,"United States",1670265523,1670265842,"search / artist_detail / album_detail",2025-07-23T17:41:43.913Z,NATURAL_END_OF_TRACK,2025-07-25T16:28:00.271Z,2025-07-25T16:28:00.314Z,2025-07-25T16:23:36.236Z,264035,264035,264035,AUDIO,0,2,0,790168
2025-07-23T17:37:38.541Z,Album,"Depeche Mode - Memento Mori","Depeche Mode - Before We Drown",false,"United States",1670265523,1670265838,"search / artist_detail / album_detail",2025-07-23T17:37:38.541Z,NATURAL_END_OF_TRACK,2025-07-25T16:23:36.335Z,2025-07-25T16:23:36.376Z,2025-07-25T16:21:04.050Z,245203,245203,245203,AUDIO,0,2,0,490406
2025-07-23T17:33:21.873Z,Album,"Depeche Mode - Memento Mori","Depeche Mode - Caroline's Monkey",false,"United States",1670265523,1670265836,"search / artist_detail / album_detail",2025-07-23T17:33:21.873Z,NATURAL_END_OF_TRACK,2025-07-25T16:19:08.460Z,2025-07-25T16:19:08.499Z,2025-07-25T16:17:32.776Z,256595,256594,256595,AUDIO,0,2,0,513190
2025-07-25T11:46:02.786Z,N/A,N/A,"Alice In Chains - Nutshell",false,"United States",N/A,268435292,voice_control,2025-07-25T11:46:02.786Z,PLAYBACK_MANUALLY_PAUSED,2025-07-25T11:48:34.339Z,2025-07-25T11:48:34.339Z,2025-07-25T11:46:05.339Z,149000,149000,259000,AUDIO,0,1,0,311000
2025-07-23T17:29:06.842Z,Album,"Depeche Mode - Memento Mori","Depeche Mode - Soul With Me",false,"United States",1670265523,1670265834,"search / artist_detail / album_detail",2025-07-23T17:29:06.842Z,NATURAL_END_OF_TRACK,2025-07-25T01:22:27.819Z,2025-07-25T01:22:27.881Z,2025-07-25T01:20:42.598Z,255007,255006,255007,AUDIO,0,2,0,369800
2025-07-24T18:58:31.468Z,N/A,N/A,"Travis Scott - Antidote",false,"United States",N/A,1456179771,search,2025-07-24T18:58:31.468Z,PLAYBACK_MANUALLY_PAUSED,2025-07-24T18:59:25.492Z,2025-07-24T18:59:25.537Z,2025-07-24T18:59:24.214Z,10615,6882,262000,AUDIO,0,1,0,11893
2025-06-28T20:24:26.720Z,N/A,N/A,"SZA - 30 For 30 (with Kendrick Lamar)",false,"United States",N/A,1796270267,search,2025-06-28T20:24:26.720Z,PLAYBACK_MANUALLY_PAUSED,2025-07-24T18:52:11.725Z,2025-07-24T18:52:11.763Z,2025-07-24T18:47:45.830Z,276735,271208,278000,AUDIO,0,1,0,3598500
2025-07-22T15:00:48.362Z,Album,"Depeche Mode - Memento Mori","Depeche Mode - My Favourite Stranger",false,"United States",1670265523,1670265833,"search / artist_detail / album_detail",2025-07-22T15:00:48.362Z,OTHER,2025-07-24T16:51:18.220Z,2025-07-24T16:51:18.293Z,2025-07-24T16:48:58.007Z,237297,143720,237296,AUDIO,0,1,0,377509
2025-07-22T14:56:33.994Z,Album,"Depeche Mode - Memento Mori","Depeche Mode - Don't Say You Love Me",false,"United States",1670265523,1670265832,"search / artist_detail / album_detail",2025-07-22T14:56:33.994Z,NATURAL_END_OF_TRACK,2025-07-24T16:48:58.082Z,2025-07-24T16:48:58.144Z,2025-07-24T16:45:09.609Z,228473,228473,228473,AUDIO,0,2,0,456946
2025-07-22T14:52:35.228Z,Album,"Depeche Mode - Memento Mori","Depeche Mode - Ghosts Again",false,"United States",1670265523,1670265831,"search / artist_detail / album_detail",2025-07-22T14:52:35.228Z,NATURAL_END_OF_TRACK,2025-07-24T16:45:09.715Z,2025-07-24T16:45:09.776Z,2025-07-24T16:41:10.770Z,238945,238945,238945,AUDIO,0,2,0,477890
2025-07-22T14:34:18.525Z,Album,"Depeche Mode - Memento Mori","Depeche Mode - Wagging Tongue",false,"United States",1670265523,1670265830,"search / artist_detail / album_detail",2025-07-22T14:34:18.525Z,NATURAL_END_OF_TRACK,2025-07-24T16:41:10.542Z,2025-07-24T16:41:10.560Z,2025-07-24T16:40:58.581Z,204650,174859,204650,AUDIO,0,2,0,409300
2025-07-24T15:51:52.453Z,N/A,N/A,"Lewis Capaldi - Survive",false,"United States",N/A,1819073311,search,2025-07-24T15:51:52.453Z,SCRUB_BEGIN,2025-07-24T15:56:11.039Z,2025-07-24T15:56:11.952Z,2025-07-24T15:56:11.039Z,122346,107012,225000,AUDIO,0,1,0,123278
2025-07-24T03:19:18.531Z,Album,"Jax Jones & Emei - Stereo - Single","Jax Jones & Emei - Stereo",false,"United States",1822561229,1822561327,"search / artist_detail / artist_detail / album_detail",2025-07-24T03:19:18.531Z,PLAYBACK_MANUALLY_PAUSED,2025-07-24T03:20:25.568Z,2025-07-24T03:20:25.618Z,2025-07-24T03:19:32.977Z,121883,52591,147000,AUDIO,0,1,0,52591
2025-07-24T03:08:37.461Z,Album,"Mt. Joy & Gigi Perez - In The Middle - Single","Mt. Joy & Gigi Perez - In The Middle",false,"United States",1814957314,1814957315,"search / playlist_detail / room / artist_detail / album_detail",2025-07-24T03:08:37.461Z,PLAYBACK_MANUALLY_PAUSED,2025-07-24T03:08:48.880Z,2025-07-24T03:08:48.921Z,2025-07-24T03:08:40.909Z,30695,7971,179000,AUDIO,0,1,0,10486
2025-07-24T03:06:54.153Z,Playlist,"HITS 2025 - Today's Hits","KATSEYE - Gabriela",false,"United States","pl.f8f5a99597794dcfac4bc206bf309c93",1811464273,"search / playlist_detail",2025-07-24T03:06:54.153Z,PLAYBACK_MANUALLY_PAUSED,2025-07-24T03:06:56.230Z,2025-07-24T03:06:56.272Z,2025-07-24T03:06:54.153Z,2077,2077,197000,AUDIO,0,1,0,2077
