Country,"Container Name","Impression Create Date",Location,"Recommendation ID"
"United States","David Guetta & Sia - Beautiful People - Single",20250729,"FUSE.ForYou.Module.Recently.Played","61d38a41-45d7-4daf-aa6b-385ddf9b2d03~a52b9b2c-6aba-429d-82b5-ecbd7189c6d4~16~1753793204680"
"United States","Jax Jones & Emei - Stereo - Single",20250729,"FUSE.ForYou.Module.Recently.Played","61d38a41-45d7-4daf-aa6b-385ddf9b2d03~a52b9b2c-6aba-429d-82b5-ecbd7189c6d4~16~1753793204680"
"United States","Yuri - 海月 - Single",20250729,FY.Module.TopPicks,"61d38a41-45d7-4daf-aa6b-385ddf9b2d03~fa7f06cf-8508-41a0-bfb2-8daf9bd1e85a~24~1753793204680"
"United States","Favorites Mix",20250729,FY.Module.TopPicks,"61d38a41-45d7-4daf-aa6b-385ddf9b2d03~fa7f06cf-8508-41a0-bfb2-8daf9bd1e85a~24~1753793204680"
"United States",N/A,20250729,"FUSE.ForYou.Module.Recently.Played","61d38a41-45d7-4daf-aa6b-385ddf9b2d03~a52b9b2c-6aba-429d-82b5-ecbd7189c6d4~16~1753793204680"
"United States",N/A,20250729,FY.Module.TopPicks,"61d38a41-45d7-4daf-aa6b-385ddf9b2d03~fa7f06cf-8508-41a0-bfb2-8daf9bd1e85a~24~1753793204680"
"United States","Lil Jon - Crunk Rock",20250702,"FUSE.ForYou.Module.Recently.Played","b7bceca5-f634-4b8d-b10d-5b1b81c549ad~b9e3e26e-06e9-4a69-bc98-7fe624febfa7~16~1751497350938"
"United States","Lil Jon - Crunk Rock (Deluxe Edition)",20250702,"FUSE.ForYou.Module.Recently.Played","b7bceca5-f634-4b8d-b10d-5b1b81c549ad~b9e3e26e-06e9-4a69-bc98-7fe624febfa7~16~1751497350938"
"United States","Cyndi Lauper - A Night to Remember",20250702,FY.Module.TopPicks,"b7bceca5-f634-4b8d-b10d-5b1b81c549ad~e35caf79-2b35-42b4-bafd-161d74b6cb0d~24~1751497350961"
"United States","Heavy Rotation Mix",20250702,FY.Module.TopPicks,"b7bceca5-f634-4b8d-b10d-5b1b81c549ad~e35caf79-2b35-42b4-bafd-161d74b6cb0d~24~1751497350961"
"United States","Replay All Time",20250702,FY.Module.TopPicks,"b7bceca5-f634-4b8d-b10d-5b1b81c549ad~e35caf79-2b35-42b4-bafd-161d74b6cb0d~24~1751497350961"
"United States",N/A,20250702,"FUSE.ForYou.Module.Recently.Played","b7bceca5-f634-4b8d-b10d-5b1b81c549ad~b9e3e26e-06e9-4a69-bc98-7fe624febfa7~16~1751497350938"
"United States","Tiësto & Mathame - Everlight - Single",20250702,FY.Module.TopPicks,"5deb7fe5-b948-4db1-bd62-d73e5db155f3~1ff4b9bc-fc2d-4202-aada-505ade68fa5a~24~1751478541915"
"United States",N/A,20250702,"FUSE.ForYou.Module.Recently.Played","5deb7fe5-b948-4db1-bd62-d73e5db155f3~2d294e13-c3c3-41ad-87b7-a5610072ad0d~16~1751478541899"
"United States",N/A,20250702,FY.Module.TopPicks,"5deb7fe5-b948-4db1-bd62-d73e5db155f3~1ff4b9bc-fc2d-4202-aada-505ade68fa5a~24~1751478541915"
"United States",N/A,20250702,"FUSE.ForYou.Module.Recently.Played","5deb7fe5-b948-4db1-bd62-d73e5db155f3~2d294e13-c3c3-41ad-87b7-a5610072ad0d~16~1751478541899"
"United States",N/A,20250702,"FUSE.ForYou.Module.Recently.Played","5deb7fe5-b948-4db1-bd62-d73e5db155f3~2d294e13-c3c3-41ad-87b7-a5610072ad0d~16~1751478541899"
"United States",N/A,20250702,"FUSE.ForYou.Module.Recently.Played","5deb7fe5-b948-4db1-bd62-d73e5db155f3~2d294e13-c3c3-41ad-87b7-a5610072ad0d~16~1751478541899"
"United States",N/A,20250702,FY.Module.TopPicks,"5deb7fe5-b948-4db1-bd62-d73e5db155f3~1ff4b9bc-fc2d-4202-aada-505ade68fa5a~24~1751478541915"
"United States",N/A,20250702,,"ba289f7f-47da-41aa-b36b-42644e2979d6~26ebee82-9d79-4616-bea2-1c3c14d7d1ef~16~1751466674711"
"United States",N/A,20250702,FY.Module.TopPicks,"178581c4-c2f5-4ffa-829c-c0099570b866~c41a4034-a01d-4835-910b-6ee13e7cb7aa~24~1751465738468"
"United States","Lil Jon - Outta Your Mind (feat. LMFAO) - Single",20250702,FY.Module.TopPicks,"178581c4-c2f5-4ffa-829c-c0099570b866~c41a4034-a01d-4835-910b-6ee13e7cb7aa~24~1751465738468"
"United States",N/A,20250702,,"ba289f7f-47da-41aa-b36b-42644e2979d6~26ebee82-9d79-4616-bea2-1c3c14d7d1ef~16~1751466674711"
"United States",N/A,20250702,FY.Module.TopPicks,"178581c4-c2f5-4ffa-829c-c0099570b866~c41a4034-a01d-4835-910b-6ee13e7cb7aa~24~1751465738468"
"United States",N/A,20250702,,"ba289f7f-47da-41aa-b36b-42644e2979d6~26ebee82-9d79-4616-bea2-1c3c14d7d1ef~16~1751466674711"
"United States","Lil Jon - Crunk Rock",20250701,"FUSE.ForYou.Module.Recently.Played","24579d18-6bbe-42d2-a884-ed5b7d5c864a~86e59594-3988-4c87-b815-aa281dadd145~16~1751384475308"
"United States","Lil Jon - Crunk Rock",20250701,FY.Module.TopPicks,"24579d18-6bbe-42d2-a884-ed5b7d5c864a~0252e37a-3429-4bd6-8d25-c3ca95deff29~24~1751384475330"
"United States",N/A,20250701,FY.Module.TopPicks,"24579d18-6bbe-42d2-a884-ed5b7d5c864a~0252e37a-3429-4bd6-8d25-c3ca95deff29~24~1751384475330"
"United States",N/A,20250701,"FUSE.ForYou.Module.Recently.Played","24579d18-6bbe-42d2-a884-ed5b7d5c864a~86e59594-3988-4c87-b815-aa281dadd145~16~1751384475308"
"United States",N/A,20250701,FY.Module.TopPicks,"24579d18-6bbe-42d2-a884-ed5b7d5c864a~0252e37a-3429-4bd6-8d25-c3ca95deff29~24~1751384475330"
"United States",N/A,20250701,"FUSE.ForYou.Module.Recently.Played","24579d18-6bbe-42d2-a884-ed5b7d5c864a~86e59594-3988-4c87-b815-aa281dadd145~16~1751384475308"
"United States","The Sound - From the Lion's Mouth",20250623,FY.Module.Decade,"1b206ded-abcd-41a2-9b16-956c2c9bce67~e0c8514a-9b98-43ef-a544-1bc375b49881~26~1750683654058"
"United States",N/A,20250623,"FY.Module.EditorialCollection","1b206ded-abcd-41a2-9b16-956c2c9bce67~2716df6a-dcf5-4d4b-ac11-aca6d9fc12b3~3~1750683653919"
"United States",N/A,20250623,FY.Module.TopPicks,"1b206ded-abcd-41a2-9b16-956c2c9bce67~a249f8ff-8c10-49a8-a6fd-b2cfae09ec24~24~1750683653939"
"United States","Akon & Sheesh - Ghetto Livin - Single",20250623,FY.Module.TopPicks,"1b206ded-abcd-41a2-9b16-956c2c9bce67~a249f8ff-8c10-49a8-a6fd-b2cfae09ec24~24~1750683653939"
"United States",N/A,20250623,,"84838c4d-55fd-493f-9a0a-3b55c3b1da5f~ee36cd1e-7ff8-42cb-bd47-155bc77cd5da~16~1750683688420"
"United States",N/A,20250623,,"84838c4d-55fd-493f-9a0a-3b55c3b1da5f~ee36cd1e-7ff8-42cb-bd47-155bc77cd5da~16~1750683688420"
"United States",N/A,20250623,,"84838c4d-55fd-493f-9a0a-3b55c3b1da5f~ee36cd1e-7ff8-42cb-bd47-155bc77cd5da~16~1750683688420"
"United States",N/A,20250623,FY.Module.TopPicks,"1b206ded-abcd-41a2-9b16-956c2c9bce67~a249f8ff-8c10-49a8-a6fd-b2cfae09ec24~24~1750683653939"
"United States","Lil Jon - Outta Your Mind (feat. LMFAO) - Single",20250622,FY.Module.TopPicks,"cf7d2d6c-e657-47c7-a2c7-bd3d7e2d5435~a591acd1-4006-4ac2-be7c-f6861ecb0b24~24~1750622635907"
"United States","Lil Jon - Drink (Instrumental) - Single",20250622,,"1ac52bd9-3d3a-4979-89c6-6472f1450b70~9c57b92a-452e-4d38-bd11-64ea467b1311~16~1750622637303"
"United States","Pitbull - El Mariel",20250622,FY.Module.TopPicks,"cf7d2d6c-e657-47c7-a2c7-bd3d7e2d5435~a591acd1-4006-4ac2-be7c-f6861ecb0b24~24~1750622635907"
"United States",N/A,20250622,,"1ac52bd9-3d3a-4979-89c6-6472f1450b70~9c57b92a-452e-4d38-bd11-64ea467b1311~16~1750622637303"
"United States",N/A,20250622,,"1ac52bd9-3d3a-4979-89c6-6472f1450b70~9c57b92a-452e-4d38-bd11-64ea467b1311~16~1750622637303"
"United States",N/A,20250622,,"1ac52bd9-3d3a-4979-89c6-6472f1450b70~9c57b92a-452e-4d38-bd11-64ea467b1311~16~1750622637303"
"United States",N/A,20250622,FY.Module.TopPicks,"cf7d2d6c-e657-47c7-a2c7-bd3d7e2d5435~a591acd1-4006-4ac2-be7c-f6861ecb0b24~24~1750622635907"
"United States","Alesso & Tina Guo - Ascension (Alesso Remix) - Single",20250621,FY.Module.TopPicks,"7a17631a-061b-4264-beef-a110ed8068d8~738e827f-2929-4d12-9677-4aaefb798e58~24~1750512773124"
"United States","Pitbull - Pitbull Starring In: Rebelution",20250621,,"adeb46f4-88bb-47c6-9a3d-5c40c9027881~11c133fd-0521-4bce-8aef-b6c8e21699cb~16~1750522781522"
"United States",N/A,20250621,,"adeb46f4-88bb-47c6-9a3d-5c40c9027881~11c133fd-0521-4bce-8aef-b6c8e21699cb~16~1750522781522"
"United States",N/A,20250621,FY.Module.TopPicks,"7a17631a-061b-4264-beef-a110ed8068d8~738e827f-2929-4d12-9677-4aaefb798e58~24~1750512773124"
"United States",N/A,20250621,,"adeb46f4-88bb-47c6-9a3d-5c40c9027881~11c133fd-0521-4bce-8aef-b6c8e21699cb~16~1750522781522"
"United States",N/A,20250621,FY.Module.TopPicks,"7a17631a-061b-4264-beef-a110ed8068d8~738e827f-2929-4d12-9677-4aaefb798e58~24~1750512773124"
