Country,Content,"Play Duration Milliseconds","First Played","Last Played","Last Received","Source Type",Rankings
"United States","The Cure",220642534,1723825520612,1754098804086,1754098804364,"UNKNOWN_DEVICE, IPHONE, MACINTOSH",1
"United States","LINKIN PARK",143298063,1729006689988,1753194264879,1753189803413,"UNKNOWN_DEVICE, IPHONE",2
"United States",Pitbull,65092936,1724372150844,1752336039624,1752335802042,"UNKNOWN_DEVICE, IPHONE, ANDROID",3
"United States","Depeche Mode",60873406,1741714224683,1753580422876,1753580423169,"UNKNOWN_DEVICE, IPHONE",4
"United States",Mecano,60857000,1737142447377,1751987947275,1751987947275,UNKNOWN_DEVICE,5
"United States","Lil Jon",58109664,1747086825863,1752339450262,1752339449244,"IPHONE, ANDROID",6
"United States",Roxette,44924000,1723724205202,1751373702735,1751373702735,UNKNOWN_DEVICE,7
"United States","Cyndi Lauper",25648000,1722788523993,1753732277564,1753732277564,UNKNOWN_DEVICE,8
"United States","Bad Omens",19538191,1722935550914,1745328494242,1745328494242,"UNKNOWN_DEVICE, IPHONE",9
"United States",Scorpions,17427000,1723222870114,1753731813324,1753731813324,UNKNOWN_DEVICE,10
"United States","Black Eyed Peas",15973383,1723671076322,1752172165363,1752172165390,"UNKNOWN_DEVICE, ANDROID",11
"United States","The Afghan Whigs",14800125,1737391946404,1743901509587,1743901509663,"UNKNOWN_DEVICE, IPHONE",12
"United States","Anne Clark",14450254,1746707390167,1747066474310,1747066474614,IPHONE,13
"United States","Calvin Harris",14376656,1747094714529,1753111497268,1753111461109,"UNKNOWN_DEVICE, ANDROID",14
"United States",SZA,14254092,1747098453518,1753383131725,1753383126723,ANDROID,15
"United States",Madonna,12915698,1722621573732,1753729658315,1753729658315,"UNKNOWN_DEVICE, ANDROID",16
"United States","Hollywood Undead",12663564,1738080745255,1746667590472,1746667590585,"UNKNOWN_DEVICE, IPHONE",17
"United States","Def Leppard",10706000,1723301522122,1753979879851,1753979879851,UNKNOWN_DEVICE,18
"United States","Prince & The Revolution",10592000,1723220402043,1753735050801,1753735050801,UNKNOWN_DEVICE,19
"United States","Michael Jackson",10430543,1722787651641,1753998746602,1753998746602,"UNKNOWN_DEVICE, ANDROID",20
"United States","Phil Collins",10279000,1722692619665,1753817886570,1753817886570,UNKNOWN_DEVICE,21
"United States","Whitney Houston",10181000,1722988980964,1753803302746,1753803302746,UNKNOWN_DEVICE,22
"United States","Bon Jovi",10141000,1723220151827,1753804662553,1753804206947,UNKNOWN_DEVICE,23
"United States",Journey,9585805,1722895148323,1754091766955,1754091766955,"UNKNOWN_DEVICE, IPHONE",24
"United States","Hillsong Worship",9141000,1736424901644,1736437523318,1736437523318,UNKNOWN_DEVICE,25
"United States",Blondie,8603000,1722693063364,1753977987373,1753977987373,UNKNOWN_DEVICE,26
"United States","Tears for Fears",8557313,1722789753352,1753926127552,1753926127922,"UNKNOWN_DEVICE, IPHONE",27
"United States",J-Kwon,8119552,1747954369408,1748290690306,1748290298960,ANDROID,28
"United States","Daryl Hall & John Oates",8039000,1722988708751,1753714275363,1753714275363,UNKNOWN_DEVICE,29
"United States",Otep,7605076,1729783384349,1748623314173,1748623314417,"UNKNOWN_DEVICE, IPHONE",30
"United States","Duran Duran",7564000,1722790429138,1753804959980,1753804959980,UNKNOWN_DEVICE,31
"United States","George Michael",7545000,1722620084224,1753729958378,1753729958378,UNKNOWN_DEVICE,32
"United States","Flo Rida",7151855,1728001229852,1750711659088,1750711638976,"UNKNOWN_DEVICE, ANDROID",33
"United States","Lil Jon & The East Side Boyz",7088537,1747771379221,1752347418835,1752347418873,ANDROID,34
"United States","Bruce Springsteen",6736887,1722620463130,1753732883292,1753732883292,"UNKNOWN_DEVICE, ANDROID",35
"United States","The Police",6073000,1722992014488,1750523548107,1750523548107,UNKNOWN_DEVICE,36
"United States",Rihanna,6031942,1723645178114,1753114182798,1753114182817,"UNKNOWN_DEVICE, ANDROID",37
"United States","Beastie Boys",5631000,1723221131786,1750983370806,1750983370806,UNKNOWN_DEVICE,38
"United States","Markus Schulz",5615366,1722903986796,1751078546548,1751078546548,"UNKNOWN_DEVICE, ANDROID",39
"United States","Bryan Adams",5579000,1722690751294,1751898766604,1751898766604,UNKNOWN_DEVICE,40
"United States","Gigi D'Agostino",5433183,1722790798610,1752683902164,1752683902191,"UNKNOWN_DEVICE, ANDROID",41
"United States","Janet Jackson",5302560,1722862624973,1751898675994,1751898675994,"UNKNOWN_DEVICE, ANDROID",42
"United States","Huey Lewis and the News",5245000,1722692385191,1754000501370,1754000501370,UNKNOWN_DEVICE,43
"United States","Lady Gaga",5145656,1723936939526,1753326389670,1753326368510,"UNKNOWN_DEVICE, ANDROID",44
"United States",Jeremih,5090100,1747275900756,1752107511665,1752107462671,"UNKNOWN_DEVICE, ANDROID",45
"United States","Ólafur Arnalds",5007546,1747311520832,1747745712925,1747744823459,IPHONE,46
"United States","Billy Joel",4859000,1722786850737,1753715478945,1753715478945,UNKNOWN_DEVICE,47
"United States","Simple Minds",4857000,1722787141575,1750205430651,1750205430651,UNKNOWN_DEVICE,48
"United States",Korn,4722654,1747271449919,1748826301069,1748826301720,IPHONE,49
"United States",deadmau5,4611760,1723157962090,1752681050139,1752681050192,"UNKNOWN_DEVICE, ANDROID",50
"United States",Berlin,4590000,1722989217612,1753728734649,1753728734649,UNKNOWN_DEVICE,51
"United States","Steve Winwood",4558000,1722690402833,1753979271966,1753979271966,UNKNOWN_DEVICE,52
"United States",HEALTH,4483526,1738937882110,1744939781368,1744939781414,"UNKNOWN_DEVICE, IPHONE",53
"United States","Frankie Goes to Hollywood",4474000,1722694098411,1753717006552,1753717006552,UNKNOWN_DEVICE,54
"United States",U2,4423000,1722893866334,1753741250403,1753735793725,UNKNOWN_DEVICE,55
"United States",Run-DMC,4393000,1722622437925,1753729418746,1753729418746,UNKNOWN_DEVICE,56
"United States",Eurythmics,4292000,1722621357148,1753733795166,1753733795166,UNKNOWN_DEVICE,57
"United States","Ozzy Osbourne",4267000,1722986878343,1754091859727,1754091859727,UNKNOWN_DEVICE,58
"United States",a-ha,4197000,1722958645674,1753734442306,1753734442306,UNKNOWN_DEVICE,59
"United States",CHVRCHES,4190881,1725021865124,1736623483865,1736623483865,"UNKNOWN_DEVICE, IPHONE",60
"United States","Orchestral Manoeuvres In the Dark",4102921,1737488495131,1748867413544,1748866333430,"UNKNOWN_DEVICE, IPHONE",61
"United States",Iyaz,4096285,1747603346690,1749837781135,1749837035136,ANDROID,62
"United States",Survivor,3874000,1722989922117,1753728978141,1753728978141,UNKNOWN_DEVICE,63
"United States","David Guetta",3868336,1727996948996,1753326784647,1753326766531,"IPHONE, ANDROID",64
"United States","The Human League",3829000,1722993435458,1753632467226,1753632467226,UNKNOWN_DEVICE,65
"United States","Men At Work",3808000,1736771632050,1753997868029,1753997868029,UNKNOWN_DEVICE,66
"United States",Starship,3794000,1722958104711,1753735495562,1753735495562,UNKNOWN_DEVICE,67
"United States",Hozier,3773113,1722643184845,1752335575672,1752335575986,ANDROID,68
"United States",Tiësto,3756121,1722899606228,1752980222061,1752979989095,"UNKNOWN_DEVICE, IPHONE, ANDROID",69
"United States","Nicola Fasano",3682433,1748390905323,1751483779176,1751483650651,ANDROID,70
"United States","Slick Rick",3669000,1722989681374,1753978476219,1753978476219,UNKNOWN_DEVICE,71
"United States","Paula Abdul",3652000,1722787910023,1754000655434,1754000655434,UNKNOWN_DEVICE,72
"United States",AC/DC,3649874,1722963010336,1748018052718,1748018052752,"UNKNOWN_DEVICE, IPHONE",73
"United States","Basto!",3641636,1728144629892,1749162826439,1749162826484,ANDROID,74
"United States","Assemblage 23",3565829,1727882123586,1728563262279,1728563262306,IPHONE,75
"United States","Dolly Parton",3562000,1722692882285,1750984030796,1750984030796,UNKNOWN_DEVICE,76
"United States","Wham!",3538000,1722987345874,1749074444968,1749074444968,UNKNOWN_DEVICE,77
"United States","Pet Shop Boys",3514625,1723377241514,1753733321603,1753733321603,"UNKNOWN_DEVICE, IPHONE",78
"United States","Catherine Wheel",3496132,1746187572437,1746215434892,1746215434892,"UNKNOWN_DEVICE, IPHONE",79
"United States","Leif Ove Andsnes",3461000,1736456184466,1748440682425,1748440682425,UNKNOWN_DEVICE,80
"United States",Gotye,3451517,1743423971947,1743433922795,1743433923160,IPHONE,81
"United States","Bonnie Tyler",3379000,1722621792667,1753734213139,1753734213139,UNKNOWN_DEVICE,82
"United States","The Weeknd",3305348,1723559427847,1749403581664,1749403582416,"UNKNOWN_DEVICE, ANDROID",83
"United States","Fear of God",3291392,1751551396936,1751593186763,1751593186812,IPHONE,84
"United States","Stevie Nicks",3290000,1723223121747,1753979024930,1753979024930,UNKNOWN_DEVICE,85
"United States","Air Supply",3257000,1724283655318,1724286960026,1724286960026,UNKNOWN_DEVICE,86
"United States","Scottish Chamber Orchestra",3177000,1741450590974,1744741307328,1744741307328,UNKNOWN_DEVICE,87
"United States","Berliner Philharmoniker",3156000,1744563827900,1751994381550,1751994381550,UNKNOWN_DEVICE,88
"United States",Toto,3130000,1722694580967,1753716069307,1753716069307,UNKNOWN_DEVICE,89
"United States","Van Halen",3123000,1722619689602,1748363754643,1748363754643,UNKNOWN_DEVICE,90
"United States",Bobina,3086920,1729443598767,1729890457194,1729897937741,ANDROID,91
"United States","Rick Astley",3044000,1723042092742,1750988040137,1750985219694,UNKNOWN_DEVICE,92
"United States",Heart,3034000,1723670055009,1750680174055,1750680174055,UNKNOWN_DEVICE,93
"United States","Sleep Theory",3015007,1723816381648,1723829626621,1723829626685,IPHONE,94
"United States","The Pretty Wild",2967091,1723460374805,1723627485820,1723627485942,IPHONE,95
"United States","Guns N' Roses",2957000,1722991134769,1749859794094,1749859794094,UNKNOWN_DEVICE,96
"United States","Chad Lawson",2926913,1747312600390,1747744425393,1747744425567,IPHONE,97
"United States","The Bangles",2911000,1722786370625,1753979677091,1753979677091,UNKNOWN_DEVICE,98
"United States",Drake,2879784,1723846278266,1753114821232,1753114821253,ANDROID,99
"United States","Kendrick Lamar",2877675,1737831255728,1751637610973,1751637606465,"UNKNOWN_DEVICE, ANDROID",100
"United States","Rick Springfield",2841000,1722622747805,1750350495600,1750350495600,UNKNOWN_DEVICE,101
"United States","Oliver Zeffman",2813000,1736458094201,1748439919895,1748439919895,UNKNOWN_DEVICE,102
"United States","London Philharmonic Orchestra",2792000,1741559282948,1751992856774,1751992212402,UNKNOWN_DEVICE,103
"United States",AFROJACK,2747049,1747269477473,1749841273944,1749841277716,ANDROID,104
"United States","Melle Mel",2737000,1739058532707,1753716769702,1753716769702,UNKNOWN_DEVICE,105
"United States","Los Temerarios",2700000,1751229312521,1751289319972,1751289319972,UNKNOWN_DEVICE,106
"United States","Pretty Ricky",2662784,1748208408006,1750454579890,1750454581725,ANDROID,107
"United States","Echo & The Bunnymen",2628000,1723228259568,1753803907914,1753803907914,UNKNOWN_DEVICE,108
"United States","Above & Beyond",2617689,1732890056172,1749076404012,1749076404012,"UNKNOWN_DEVICE, ANDROID",109
"United States","John Cougar",2610000,1722689879326,1750988294606,1750988294606,UNKNOWN_DEVICE,110
"United States",Prince,2609000,1722992525924,1753978695178,1753978695178,UNKNOWN_DEVICE,111
"United States","Kardinal Offishall",2603567,1749400786603,1749861600737,1749861505018,ANDROID,112
"United States","Robert Palmer",2548000,1722990165742,1749859520421,1749859520421,UNKNOWN_DEVICE,113
"United States","The J. Geils Band",2526000,1723136197184,1753998962843,1753998962843,UNKNOWN_DEVICE,114
"United States","Billie Eilish",2524949,1722964216089,1752441775952,1752441775987,"UNKNOWN_DEVICE, ANDROID",115
"United States","Billy Idol",2487000,1722694875451,1748006465007,1748006465007,UNKNOWN_DEVICE,116
"United States",Slipknot,2458586,1729787684493,1754091443626,1754091443626,"UNKNOWN_DEVICE, IPHONE",117
"United States","Paul van Dyk",2458000,1736442129344,1746289142306,1746289142306,UNKNOWN_DEVICE,118
"United States",Evanescence,2444000,1746574967201,1746577410595,1746577410595,UNKNOWN_DEVICE,119
"United States",Foreigner,2408000,1722987576966,1753730259536,1753730259536,UNKNOWN_DEVICE,120
"United States",C418,2404830,1728225183274,1731269460367,1731269237454,ANDROID,121
"United States","Alice In Chains",2402000,1742775906690,1754091239845,1754091239845,UNKNOWN_DEVICE,122
"United States","Riccardo Muti",2388000,1741560460820,1746019561695,1746019561695,UNKNOWN_DEVICE,123
"United States","Bobby McFerrin",2336000,1722789218319,1753715301618,1753715301618,UNKNOWN_DEVICE,124
"United States","Bruce Hornsby & The Range",2333000,1725199430103,1746190492121,1746190492121,UNKNOWN_DEVICE,125
"United States","Corey Hart",2311000,1722692064873,1746211840501,1746211840501,UNKNOWN_DEVICE,126
"United States","Afrika Bambaataa",2292000,1737817978671,1754000267234,1754000267234,UNKNOWN_DEVICE,127
"United States","New Kids On the Block",2292000,1722992753847,1748360563148,1748360563148,UNKNOWN_DEVICE,128
"United States","Billy Ocean",2272000,1723667580869,1750868221912,1750868221912,UNKNOWN_DEVICE,129
"United States","Wang Chung",2261000,1725204882866,1750968861796,1750968861796,UNKNOWN_DEVICE,130
"United States","Steve Aoki",2227624,1747263329265,1751640796883,1751640796918,ANDROID,131
"United States","David Bowie",2219000,1722621112399,1753633408017,1753633408017,UNKNOWN_DEVICE,132
"United States","Katy Perry",2206628,1722644309001,1752613723016,1752613723037,ANDROID,133
"United States","Michael Sembello",2203000,1723221774780,1753731548644,1753730502110,UNKNOWN_DEVICE,134
"United States",Islander,2202730,1740763074386,1740881398283,1740881398400,IPHONE,135
"United States",Solarstone,2200000,1737237405507,1749399649036,1749399649036,UNKNOWN_DEVICE,136
"United States",Rockwell,2183680,1723670919790,1750204366343,1750204287267,"UNKNOWN_DEVICE, ANDROID",137
"United States","Dire Straits",2179000,1722788968708,1747329430021,1747329430021,UNKNOWN_DEVICE,138
"United States","Miley Cyrus",2176873,1723672660435,1753285781122,1753285770880,ANDROID,139
"United States","Big Daddy Kane",2168000,1723229800232,1750205169616,1750205169616,UNKNOWN_DEVICE,140
"United States","A Flock of Seagulls",2163000,1725302414623,1753729287300,1753729287300,UNKNOWN_DEVICE,141
"United States","Dexys Midnight Runners",2139000,1723669090333,1753802796849,1753802796849,UNKNOWN_DEVICE,142
"United States","Craig Connelly",2137000,1737240532027,1749400565711,1749400565711,UNKNOWN_DEVICE,143
"United States",Jinjer,2125977,1753619595052,1753798034621,1753798034847,IPHONE,144
"United States",Tiffany,2122000,1722620720918,1748363521180,1748363521180,UNKNOWN_DEVICE,145
"United States","Gareth Emery",2108328,1723046365205,1748383665221,1748383665221,"UNKNOWN_DEVICE, IPHONE, ANDROID",146
"United States","Olivia Newton-John",2044000,1722988077097,1748367994279,1748367994279,UNKNOWN_DEVICE,147
"United States","Laura Branigan",2041000,1737486574664,1753715773890,1753715773890,UNKNOWN_DEVICE,148
"United States","Justin Bieber",2037405,1722899036957,1753116828487,1753116829941,"UNKNOWN_DEVICE, ANDROID",149
"United States","Modern English",2016000,1736863982586,1748361392724,1748361392724,UNKNOWN_DEVICE,150
"United States","Tina Turner",1986000,1722622210644,1753717233379,1753717233379,UNKNOWN_DEVICE,151
"United States","Toni Basil",1980000,1737934410510,1753999444250,1753999444250,UNKNOWN_DEVICE,152
"United States","Paul Simon",1967000,1737816826800,1753804188531,1753804188531,UNKNOWN_DEVICE,153
"United States","Cutting Crew",1960000,1723725275989,1746214865023,1746214865023,UNKNOWN_DEVICE,154
"United States","Spandau Ballet",1955000,1723137077853,1753818592256,1753818592256,UNKNOWN_DEVICE,155
"United States","Kurtis Blow",1955000,1740011919454,1750244101176,1750244101176,UNKNOWN_DEVICE,156
"United States","Tommy Johnson",1948983,1728827522714,1732890033728,1732889609459,ANDROID,157
"United States","Fleetwood Mac",1919000,1722988490804,1750679919518,1750679919518,UNKNOWN_DEVICE,158
"United States","Rob Base & DJ EZ Rock",1917000,1723826477808,1750989011874,1750989011874,UNKNOWN_DEVICE,159
"United States","Apoptygma Berzerk",1909571,1728563270012,1728592507663,1728592507930,IPHONE,160
"United States","Pat Benatar",1890000,1723215170567,1750971452757,1750971452757,UNKNOWN_DEVICE,161
"United States","Belinda Carlisle",1890000,1723301767444,1753818133779,1753818133779,UNKNOWN_DEVICE,162
"United States","Far East Movement",1888844,1747960970792,1750715196112,1750714804448,ANDROID,163
"United States",Bananarama,1881000,1723229570797,1746207279284,1746207279284,UNKNOWN_DEVICE,164
"United States","Culture Club",1879000,1725400544852,1750292237754,1750292237754,UNKNOWN_DEVICE,165
"United States","Kate Bush",1858423,1724010190738,1753998167296,1753998167296,"UNKNOWN_DEVICE, ANDROID",166
"United States",will.i.am,1855130,1747261484184,1749562611669,1749562612511,ANDROID,167
"United States","Lana Del Rey",1854717,1745630617708,1751637018315,1751637018345,"UNKNOWN_DEVICE, ANDROID",168
"United States","Ray Parker Jr.",1843811,1723230536214,1746533205645,1746533205645,"UNKNOWN_DEVICE, ANDROID",169
"United States","Matthew Wilder",1840000,1722619899980,1749041624561,1749041624561,UNKNOWN_DEVICE,170
"United States","Mr. Mister",1808000,1722691000126,1753733578356,1753733578356,UNKNOWN_DEVICE,171
"United States","Kim Carnes",1802000,1723042822326,1746201441720,1746201441720,UNKNOWN_DEVICE,172
"United States","Ferry Corsten",1794054,1722964011271,1749162190625,1749162190625,"UNKNOWN_DEVICE, ANDROID",173
"United States","Heavy D & The Boyz",1785000,1737826814280,1753734835419,1753734835419,UNKNOWN_DEVICE,174
"United States",Rainman,1782439,1747444251250,1747499232982,1747499233047,IPHONE,175
"United States","Three Drives On a Vinyl",1781871,1723131035110,1728749117928,1728748848562,ANDROID,176
"United States","Kenny Loggins",1780000,1723043311355,1750205609744,1750205609744,UNKNOWN_DEVICE,177
"United States","Cosmic Gate",1779303,1723215710905,1749160528154,1749160528154,"UNKNOWN_DEVICE, ANDROID",178
"United States","Dennis Sheperd",1779000,1737241817677,1749398746991,1749398746991,UNKNOWN_DEVICE,179
"United States","The Buggles",1778000,1737824212566,1750868704570,1750868704570,UNKNOWN_DEVICE,180
"United States",Perasma,1761000,1742321971806,1751079306586,1751079306586,UNKNOWN_DEVICE,181
"United States",E-40,1755123,1750455548979,1752173333775,1752173186113,ANDROID,182
"United States","Grandmaster Flash & The Furious Five",1744000,1725201409755,1747325510193,1747325510193,UNKNOWN_DEVICE,183
"United States","François-Xavier Roth",1732000,1741558220239,1744738119446,1744738119446,UNKNOWN_DEVICE,184
"United States","Fine Young Cannibals",1728000,1723238692456,1753999660002,1753999660002,UNKNOWN_DEVICE,185
"United States",Whodini,1726000,1738332200840,1747582232116,1747582232116,UNKNOWN_DEVICE,186
"United States",Tone-Lōc,1723000,1723379560064,1751036156293,1751036156293,UNKNOWN_DEVICE,187
"United States","Diana Ross",1722000,1722957858377,1746112087546,1746112087546,UNKNOWN_DEVICE,188
"United States","Neneh Cherry",1710000,1740248988862,1750523023736,1750523023736,UNKNOWN_DEVICE,189
"United States","Andrew Rayel",1702183,1729543703790,1749078124899,1749078124899,"UNKNOWN_DEVICE, ANDROID",190
"United States","Gloria Estefan",1692000,1723228551533,1747582731396,1747582731396,UNKNOWN_DEVICE,191
"United States","Missing Persons",1687000,1722691823794,1750679070052,1750679070052,UNKNOWN_DEVICE,192
"United States","After the Fire",1685000,1737817107855,1750680510835,1750680510835,UNKNOWN_DEVICE,193
"United States","Jax Jones",1679891,1723839260404,1753327225568,1753327194956,ANDROID,194
"United States","DJ Jazzy Jeff & The Fresh Prince",1675000,1737935134198,1750679427542,1750679196461,UNKNOWN_DEVICE,195
"United States","W&W",1665810,1723330134933,1751640538874,1751640539903,ANDROID,196
"United States","Alice Deejay",1663063,1724195699834,1749740185824,1749740185824,"UNKNOWN_DEVICE, ANDROID",197
"United States","Academy of St Martin in the Fields",1656000,1741451016777,1744737412694,1744737412694,UNKNOWN_DEVICE,198
"United States",Bedrock,1633000,1736451503872,1749400938743,1749400938743,UNKNOWN_DEVICE,199
"United States",INXS,1626000,1724272943004,1749858079221,1749857942978,UNKNOWN_DEVICE,200
"United States","Chris Brown",1622982,1747277650525,1749418232721,1749418220730,"UNKNOWN_DEVICE, ANDROID",201
"United States","Alex Warren",1622521,1723936079498,1749829351329,1749829344559,ANDROID,202
"United States","Pink Floyd",1603000,1723824605121,1753999191388,1753999191388,UNKNOWN_DEVICE,203
"United States",Chicago,1596000,1736863220472,1753717467044,1753717467044,UNKNOWN_DEVICE,204
"United States","Alexandra Stan",1583390,1749584907837,1749830193957,1749830190289,ANDROID,205
"United States",Gorillaz,1578285,1747143202204,1747226714486,1747226714586,IPHONE,206
"United States","Bad English",1578000,1722992269008,1747753137967,1747753137967,UNKNOWN_DEVICE,207
"United States",LMFAO,1574864,1747585739201,1751635237922,1751635238127,ANDROID,208
"United States","Sorry X",1562828,1724337946204,1724934512522,1724934512572,IPHONE,209
"United States",R.E.M.,1554000,1723668893379,1750867470118,1750867470118,UNKNOWN_DEVICE,210
"United States",Europe,1550000,1723214860524,1750681076828,1750681076828,UNKNOWN_DEVICE,211
"United States","When In Rome",1547000,1723673621947,1748707417793,1748707417793,UNKNOWN_DEVICE,212
"United States","Christopher Cross",1542000,1724165677759,1748361649613,1748361649613,UNKNOWN_DEVICE,213
"United States","Steve Miller Band",1540000,1723668099138,1746205617392,1746205617392,UNKNOWN_DEVICE,214
"United States",T.S.O.L.,1538745,1752251247205,1752283166917,1752283167613,IPHONE,215
"United States","Talking Heads",1536000,1723378199077,1748869044082,1748869044082,UNKNOWN_DEVICE,216
"United States","Irene Cara",1532000,1738333217770,1750524034503,1750524034503,UNKNOWN_DEVICE,217
"United States","The Beach Boys",1526000,1723302251006,1749041439964,1749041439964,UNKNOWN_DEVICE,218
"United States","Aly & Fila",1519000,1736444685547,1745783875296,1745783875296,UNKNOWN_DEVICE,219
"United States","Raphaël Sévère",1505000,1741558653491,1744738560787,1744738560787,UNKNOWN_DEVICE,220
"United States","Kool & The Gang",1495000,1723227960662,1746199555282,1746199555282,UNKNOWN_DEVICE,221
"United States","Bobby Brown",1477000,1723135670665,1746984672612,1746984672612,UNKNOWN_DEVICE,222
"United States","Eddie Money",1475000,1723377030641,1749042253947,1749042253947,UNKNOWN_DEVICE,223
"United States","Nikolaus Harnoncourt",1475000,1741559094257,1744738748788,1744738748788,UNKNOWN_DEVICE,224
"United States",nilsix,1464000,1736440215988,1749067849028,1749067849028,UNKNOWN_DEVICE,225
"United States",UB40,1456000,1722986696185,1748362085327,1748362085327,UNKNOWN_DEVICE,226
"United States","Quiet Riot",1455000,1723905233638,1750204884914,1750204884914,UNKNOWN_DEVICE,227
"United States",Courrier,1453000,1742676256883,1742682971214,1742682971214,UNKNOWN_DEVICE,228
"United States","Dash Berlin",1444000,1737320838919,1749067651834,1749067651834,UNKNOWN_DEVICE,229
"United States","Debbie Gibson",1443000,1722991781625,1746191204826,1746191204826,UNKNOWN_DEVICE,230
"United States","Alvar Krieger - Bajo",1442000,1744569327091,1744570769091,1744570769091,UNKNOWN_DEVICE,231
"United States","Pastor Troy",1441941,1751639364168,1751753129987,1751753130543,ANDROID,232
"United States","Dalai Guru",1441000,1747922294159,1747923735402,1747923735402,UNKNOWN_DEVICE,233
"United States","Richard Marx",1441000,1736771854416,1748370200298,1748370200298,UNKNOWN_DEVICE,234
"United States",Portishead,1439385,1746204706159,1746235397697,1746235397824,IPHONE,235
"United States","Charli xcx",1439291,1722644494009,1751634595014,1751634573055,ANDROID,236
"United States","Taylor Dayne",1435000,1737650640907,1747326491803,1747326491803,UNKNOWN_DEVICE,237
"United States","Lipps, Inc.",1434000,1723740403229,1748358813617,1748358813617,UNKNOWN_DEVICE,238
"United States","Crowded House",1434000,1725200194340,1748357532314,1748357532314,UNKNOWN_DEVICE,239
"United States","Christina Novelli",1430000,1736438771135,1749068049512,1749068049512,UNKNOWN_DEVICE,240
"United States","Thompson Twins",1430000,1723724989530,1748004662062,1748004662062,UNKNOWN_DEVICE,241
"United States","LL COOL J",1427000,1737816206242,1753632869476,1753632869476,UNKNOWN_DEVICE,242
"United States","Peter Gabriel",1423000,1722622940955,1746194510916,1746194510916,UNKNOWN_DEVICE,243
"United States",Falco,1414000,1722790227570,1753979474231,1753979474231,UNKNOWN_DEVICE,244
"United States","Brain Eaters",1411657,1751644941458,1751646459486,1751646459513,IPHONE,245
"United States","Taylor Swift",1408845,1722643485469,1752440560629,1752440560680,"IPHONE, ANDROID",246
"United States","REO Speedwagon",1407000,1722788322296,1753732478734,1753732478734,UNKNOWN_DEVICE,247
"United States",Stetsasonic,1401000,1723675177150,1748357820230,1748357820230,UNKNOWN_DEVICE,248
"United States",USHER,1399944,1722963790506,1751637287643,1751637287688,"UNKNOWN_DEVICE, ANDROID",249
"United States","Alex Sonata & TheRio",1386000,1736439986685,1748380417528,1748380407225,UNKNOWN_DEVICE,250
"United States",Disturbed,1378535,1729787452977,1741837286787,1741837163849,"UNKNOWN_DEVICE, IPHONE",251
"United States",Genesis,1377000,1738534344990,1748367428363,1748367428363,UNKNOWN_DEVICE,252
"United States","Royal Philharmonic Orchestra",1374000,1744566620552,1744571531639,1744571531639,UNKNOWN_DEVICE,253
"United States","Eric B. & Rakim",1369000,1737650192166,1753732042252,1753732042252,UNKNOWN_DEVICE,254
"United States","Field Journal",1367000,1741411192137,1741437518313,1741437518313,UNKNOWN_DEVICE,255
"United States",Yaz,1367000,1736772143996,1750988719130,1750988719130,UNKNOWN_DEVICE,256
"United States","Alice Cooper",1350000,1722690132800,1746109775273,1746109775273,UNKNOWN_DEVICE,257
"United States","Robbie Rivera",1348000,1741298509164,1749077017965,1749077017965,UNKNOWN_DEVICE,258
"United States",Yes,1340000,1723905973340,1748366103033,1748366103033,UNKNOWN_DEVICE,259
"United States","Gracie Abrams",1338031,1723936677979,1753116569097,1753116567625,ANDROID,260
"United States","The Outfield",1338000,1722790004727,1753804886012,1753804886012,UNKNOWN_DEVICE,261
"United States","Okami Sky",1334000,1741411555041,1741436113499,1741436113499,UNKNOWN_DEVICE,262
"United States","Talla 2XLC",1331000,1736447515617,1748290576005,1748290576005,UNKNOWN_DEVICE,263
"United States","Young MC",1320000,1740014749088,1749042518069,1749042518069,UNKNOWN_DEVICE,264
"United States","oh, the joy.",1319000,1741411890484,1741433280273,1741433280273,UNKNOWN_DEVICE,265
"United States","Nicki Minaj",1318345,1750519127695,1753111687223,1753111686832,"IPHONE, ANDROID",266
"United States","Hilary Hahn",1318000,1741561840626,1744741644723,1744741644723,UNKNOWN_DEVICE,267
"United States","Bill Medley",1313000,1722619399402,1746875777496,1746875777496,UNKNOWN_DEVICE,268
"United States","Armin van Buuren",1312806,1723215288293,1743205438821,1743205438821,"UNKNOWN_DEVICE, ANDROID",269
"United States","Solfeggio Frequencies Tones",1312000,1738757780011,1741784054717,1741784054717,UNKNOWN_DEVICE,270
"United States",Poison,1311000,1723723484928,1753999884818,1753999884818,UNKNOWN_DEVICE,271
"United States","Giuseppe Ottaviani",1310000,1736447010053,1749076041283,1749076041283,UNKNOWN_DEVICE,272
"United States",Trancesetters,1303000,1736448179969,1748290881437,1748290881437,UNKNOWN_DEVICE,273
"United States","Ruben de Ronde",1297000,1736445831490,1749068535393,1749068535393,UNKNOWN_DEVICE,274
"United States","Feed Your Soul",1296000,1748477626075,1748869853924,1748869853924,UNKNOWN_DEVICE,275
"United States","Don Toliver",1281476,1747960318865,1753285373028,1753285373066,ANDROID,276
"United States","Talk Talk",1269000,1743259164928,1753714508950,1753714508950,UNKNOWN_DEVICE,277
"United States","Tate McRae",1268636,1723587869701,1750372620997,1750372621061,"IPHONE, ANDROID",278
"United States","kindred clouds",1267000,1741406609774,1741432971642,1741432971642,UNKNOWN_DEVICE,279
"United States","Harold Faltermeyer",1267000,1723380422935,1753818560398,1753818560398,UNKNOWN_DEVICE,280
"United States",Kygo,1266087,1747096283234,1752334728447,1752334728530,"UNKNOWN_DEVICE, ANDROID",281
"United States","Men Without Hats",1258000,1722990529626,1748543111859,1748543111859,UNKNOWN_DEVICE,282
"United States",Farius,1257000,1737238254539,1749077677444,1749077677444,UNKNOWN_DEVICE,283
"United States","Maggie Lindemann",1255221,1749343988593,1749345432243,1749345138590,ANDROID,284
"United States","Roger Shah",1255000,1742831304466,1749075363580,1749075363580,UNKNOWN_DEVICE,285
"United States","Neil Diamond",1254000,1738760667608,1748364996482,1748364996482,UNKNOWN_DEVICE,286
"United States",Pretenders,1252000,1722620276836,1747227737221,1747227737221,UNKNOWN_DEVICE,287
"United States","J.J. Fad",1246000,1722693274933,1750681309162,1750681309162,UNKNOWN_DEVICE,288
"United States","'Til Tuesday",1243000,1723238908620,1750202996912,1750202996912,UNKNOWN_DEVICE,289
"United States","Twisted Sister",1240000,1737824466388,1748543553850,1748543553850,UNKNOWN_DEVICE,290
"United States","Bow Wow Wow",1236000,1722620949995,1753632628956,1753632628956,UNKNOWN_DEVICE,291
"United States",Salt-N-Pepa,1233000,1743382194546,1749647495379,1749647495379,UNKNOWN_DEVICE,292
"United States",Driftmoon,1227000,1737237639592,1749160991821,1749160991821,UNKNOWN_DEVICE,293
"United States",DEVO,1222000,1722788161286,1753734603390,1753734603390,UNKNOWN_DEVICE,294
"United States","Paul Avgerinos",1222000,1748411909842,1751851392310,1751851392310,UNKNOWN_DEVICE,295
"United States","Juice WRLD",1218966,1747952203339,1753492415360,1753492416892,"IPHONE, ANDROID",296
"United States","Dom Dolla",1216039,1734095923080,1748290968308,1748290891909,"IPHONE, ANDROID",297
"United States","Thomas Dolby",1212000,1722694040452,1753735717792,1753735717792,UNKNOWN_DEVICE,298
"United States","Emil Gilels",1204000,1744560434769,1744571671298,1744571671298,UNKNOWN_DEVICE,299
"United States","Aureolin Sky",1202000,1741413038521,1741431872332,1741431872332,UNKNOWN_DEVICE,300
"United States",N.W.A,1202000,1738187390679,1748542259484,1748542259484,UNKNOWN_DEVICE,301
"United States","The Go-Go's",1201000,1724015235107,1749402806702,1749402806702,UNKNOWN_DEVICE,302
"United States","Harry Diamond",1189000,1738887315104,1748288169868,1748288108049,UNKNOWN_DEVICE,303
"United States","Arch Enemy",1188648,1753620469197,1753924789868,1753924790898,IPHONE,304
"United States","XiJaro & Pitch",1188000,1736438315057,1749075146274,1749075146274,UNKNOWN_DEVICE,305
"United States","Elton John",1184846,1722719182191,1750970345062,1750970345062,"UNKNOWN_DEVICE, ANDROID",306
"United States","Miracle Tones",1181000,1725024330687,1741783563606,1741783563606,UNKNOWN_DEVICE,307
"United States","Fazıl Say",1181000,1736455677403,1750756047486,1750756047486,UNKNOWN_DEVICE,308
"United States",atDusk,1180000,1742831012492,1748288405297,1748288405297,UNKNOWN_DEVICE,309
"United States","Mozart Festival Orchestra",1173000,1746187041867,1746188532448,1746188532448,UNKNOWN_DEVICE,310
"United States","Super8 & Tab",1161197,1736433820037,1749162162170,1749162162264,"UNKNOWN_DEVICE, ANDROID",311
"United States","Simply Red",1161000,1723672176473,1744635958868,1744635958868,UNKNOWN_DEVICE,312
"United States",Nirvana,1158844,1746203213661,1746204439102,1746204439276,IPHONE,313
"United States","Violent Femmes",1152000,1737822891273,1753728084393,1753728084393,UNKNOWN_DEVICE,314
"United States",DNCE,1149000,1749512498860,1749513648191,1749513648191,UNKNOWN_DEVICE,315
"United States","Teddy Swims",1144395,1734527184055,1749828658219,1749828650735,"IPHONE, ANDROID",316
"United States","Matt Fax",1126000,1738187421598,1748290130037,1748290130037,UNKNOWN_DEVICE,317
"United States","Skinny Puppy",1118373,1741568852977,1744472713117,1744472713117,"UNKNOWN_DEVICE, IPHONE",318
"United States","Public Enemy",1110000,1737491259988,1753998452443,1753998452443,UNKNOWN_DEVICE,319
"United States","George Thorogood & The Destroyers",1109000,1722991491203,1746210963134,1746210963134,UNKNOWN_DEVICE,320
"United States",Yello,1103000,1725202438171,1747583219284,1747583219284,UNKNOWN_DEVICE,321
"United States","Andrew Bayer",1102000,1736447233001,1749161291295,1749161291295,UNKNOWN_DEVICE,322
"United States","Mitsuko Uchida",1092000,1741557946904,1744737686219,1744737686219,UNKNOWN_DEVICE,323
"United States","MC Hammer",1091000,1749562637137,1750606071687,1750605965704,UNKNOWN_DEVICE,324
"United States","Post Malone",1085004,1737832663234,1751849669542,1751849669542,"UNKNOWN_DEVICE, ANDROID",325
"United States","Soft Cell",1085000,1723041938120,1749858738595,1749858738595,UNKNOWN_DEVICE,326
"United States",Creed,1085000,1737824261285,1737826746008,1737826253618,UNKNOWN_DEVICE,327
"United States","Crystal Stones",1083000,1725111530827,1738937639496,1738937639496,UNKNOWN_DEVICE,328
"United States","Dean Evenson",1069000,1748407660079,1751854141208,1751853557874,UNKNOWN_DEVICE,329
"United States","Tommy Richman",1065294,1722644821827,1728000056363,1728000056398,ANDROID,330
"United States",Akon,1052886,1724111375680,1751032394299,1751032394331,ANDROID,331
"United States","Stephen Taylor",1046000,1748986505612,1751992087796,1751992087796,UNKNOWN_DEVICE,332
"United States","Los Lobos",1044000,1722987171815,1753735225082,1753735225082,UNKNOWN_DEVICE,333
"United States","New Order",1044000,1723043050120,1750244019279,1750244019279,UNKNOWN_DEVICE,334
"United States","Solfeggio Frequencies 528Hz",1044000,1725111282189,1741198933695,1741198933695,UNKNOWN_DEVICE,335
"United States","Irmgard Seefried",1027000,1744565150661,1744566177661,1744566177661,UNKNOWN_DEVICE,336
"United States","John O'Callaghan",1026000,1736443319897,1748289499653,1748289499653,UNKNOWN_DEVICE,337
"United States",Daxson,1024000,1736440967834,1748289894036,1748289894036,UNKNOWN_DEVICE,338
"United States","Mötley Crüe",1022000,1723135907908,1754090812842,1754090812842,UNKNOWN_DEVICE,339
"United States","Jordan Christoff",1019000,1748412520855,1751856257550,1751856257550,UNKNOWN_DEVICE,340
"United States",Rush,1015000,1722786573547,1745628511695,1745628511695,UNKNOWN_DEVICE,341
"United States","The Cult",1012000,1723231596669,1753716321815,1753716321815,UNKNOWN_DEVICE,342
"United States","Subtle Mind Expansion",1009000,1741200365911,1748870391134,1748870391134,UNKNOWN_DEVICE,343
"United States",Warmth,1001000,1748409676560,1751853070065,1751853070065,UNKNOWN_DEVICE,344
"United States",Marshmello,999667,1741552819052,1753118024578,1753117886950,"UNKNOWN_DEVICE, IPHONE, ANDROID",345
"United States","Stone Sour",998000,1741836444722,1748194862668,1748194862668,UNKNOWN_DEVICE,346
"United States",Piccallo,985940,1747088195159,1747276400127,1747276400127,"UNKNOWN_DEVICE, ANDROID",347
"United States","Headache Relief Unit",980000,1750431246850,1751127223112,1751127223112,UNKNOWN_DEVICE,348
"United States",Regard,977132,1732308388552,1747438696688,1747438686109,"UNKNOWN_DEVICE, ANDROID",349
"United States",Kudus,976000,1737150210979,1748289294802,1748289294802,UNKNOWN_DEVICE,350
"United States","Chihei Hatakeyama",974000,1748410935666,1748411909666,1748411909666,UNKNOWN_DEVICE,351
"United States",Alok,973992,1723996785314,1733682428110,1733682427239,ANDROID,352
"United States",TheFatRat,962169,1747092406531,1747185342584,1747184649669,ANDROID,353
"United States","Tones And I",949236,1722644632376,1749395030152,1749395028983,"UNKNOWN_DEVICE, ANDROID",354
"United States","Sean Tyas",946000,1736450763995,1738887141006,1738887141006,UNKNOWN_DEVICE,355
"United States","Marilyn Manson",940533,1729787159676,1746286157865,1746286157865,"UNKNOWN_DEVICE, IPHONE",356
"United States","Lola Young",929065,1749315998447,1752336731296,1752336731005,ANDROID,357
"United States","Lang Lang",928000,1751129331816,1751130736643,1751130736643,UNKNOWN_DEVICE,358
"United States","The Cars",925000,1722988305795,1746214088165,1746214088165,UNKNOWN_DEVICE,359
"United States","Edward Maya",918456,1747271833092,1747506099601,1747505537736,ANDROID,360
"United States","The Pointer Sisters",908000,1740249801195,1753803029077,1753803029077,UNKNOWN_DEVICE,361
"United States","Chappell Roan",904133,1723589716644,1749835654449,1749835654495,"IPHONE, ANDROID",362
"United States","Sied van Riel",902000,1737150455466,1744065563825,1744065563825,UNKNOWN_DEVICE,363
"United States","Christopher Lawrence",892000,1736441159511,1743204533307,1743204533307,UNKNOWN_DEVICE,364
"United States","Kev Thompson",892000,1741202192802,1741784688024,1741784688024,UNKNOWN_DEVICE,365
"United States","Morgin Madison",886000,1737239368200,1749067031658,1749067031658,UNKNOWN_DEVICE,366
"United States","Rodrigo Deem",885000,1736438504009,1748288611264,1748288611264,UNKNOWN_DEVICE,367
"United States","Belcea Quartet",885000,1736457208993,1736458093993,1736458093993,UNKNOWN_DEVICE,368
"United States",Lorde,877157,1728001617865,1745695899732,1745695899732,"UNKNOWN_DEVICE, ANDROID",369
"United States","John Grand",875000,1736441912335,1748289716461,1748289716461,UNKNOWN_DEVICE,370
"United States",Eminem,868000,1737823443164,1745632624140,1745632624140,UNKNOWN_DEVICE,371
"United States","Sidney Samson",866625,1750717064828,1752085080671,1752084599725,"IPHONE, ANDROID",372
"United States","Randall Wolfgang",866000,1746188532175,1751993557909,1751993557909,UNKNOWN_DEVICE,373
"United States","From Ashes to New",863358,1722793318793,1722935543578,1722935543703,IPHONE,374
"United States","John Waite",859000,1738332947314,1746214914597,1746214914597,UNKNOWN_DEVICE,375
"United States",Estiva,856000,1740955153528,1748288828066,1748288828066,UNKNOWN_DEVICE,376
"United States","Snap!",849000,1749398700616,1750078759289,1750078759289,UNKNOWN_DEVICE,377
"United States","Biz Markie",843000,1722789509863,1753714751456,1753714751456,UNKNOWN_DEVICE,378
"United States",Enigma,839000,1744562367600,1744563243274,1744563243274,UNKNOWN_DEVICE,379
"United States","528 hz",837000,1725110434385,1725111282267,1725110841385,UNKNOWN_DEVICE,380
"United States",Madness,834000,1724166428947,1746796428729,1746796428729,UNKNOWN_DEVICE,381
"United States","Factor B",831000,1741299296968,1749076680833,1749076680833,UNKNOWN_DEVICE,382
"United States",Whitesnake,825000,1723041663422,1744553585337,1744553585337,UNKNOWN_DEVICE,383
"United States","Tom Petty",815000,1736707021372,1744465892552,1744465892552,UNKNOWN_DEVICE,384
"United States",Jaytech,811000,1737319711350,1749077205953,1749077205953,UNKNOWN_DEVICE,385
"United States",Ne-Yo,803168,1747083293779,1749418814416,1749418814565,ANDROID,386
"United States","Greg Oakland",802000,1740955558333,1749162388513,1749162388513,UNKNOWN_DEVICE,387
"United States","Avenue Beat",798199,1723627475207,1723672920608,1723672896836,IPHONE,388
"United States","Hillsong UNITED",798000,1736433330688,1736437785413,1736437785413,UNKNOWN_DEVICE,389
"United States",Siskin,796000,1736442842848,1746287591382,1746287591382,UNKNOWN_DEVICE,390
"United States",Shaboozey,789424,1753111734191,1753112350340,1753112350367,ANDROID,391
"United States","Miss Rodriguez",788000,1736439789806,1749076237899,1749076237899,UNKNOWN_DEVICE,392
"United States","Cosmic Baby",784000,1742935849940,1749400034228,1749400034228,UNKNOWN_DEVICE,393
"United States","Kyau & Albert",784000,1736439594229,1749075559756,1749075559756,UNKNOWN_DEVICE,394
"United States","Bow Wow",782409,1749746205861,1749746923785,1749746920824,ANDROID,395
"United States","The Rolling Stones",780000,1724164938284,1747753770264,1747753770264,UNKNOWN_DEVICE,396
"United States",Nena,780000,1740143315013,1748708345756,1748708345756,UNKNOWN_DEVICE,397
"United States","Stevie Wonder",779000,1743696946070,1748369222866,1748369222866,UNKNOWN_DEVICE,398
"United States","The Palindromes",777000,1741299038110,1749075818585,1749075818585,UNKNOWN_DEVICE,399
"United States",Triode,777000,1742935587879,1749400293335,1749400293335,UNKNOWN_DEVICE,400
"United States","Cold Blue",777000,1743199957389,1749399405326,1749399405326,UNKNOWN_DEVICE,401
"United States","Kanye West",775000,1737829211433,1737832031954,1737832031954,UNKNOWN_DEVICE,402
"United States",Sade,773000,1743268893615,1747327948546,1747327948546,UNKNOWN_DEVICE,403
"United States",Coldplay,769464,1728660785721,1751901498073,1751901498073,"UNKNOWN_DEVICE, IPHONE, ANDROID",404
"United States","Enrique Iglesias",764822,1736441446602,1749398931279,1749398930483,"UNKNOWN_DEVICE, ANDROID",405
"United States","Minnesota Orchestra",758000,1746019658149,1747385948791,1747385948791,UNKNOWN_DEVICE,406
"United States","TWO LANES",758000,1724254693068,1724262548630,1724262548630,UNKNOWN_DEVICE,407
"United States",NAZ,752000,1740955980442,1746287783436,1746287783436,UNKNOWN_DEVICE,408
"United States","Lewis Capaldi",742490,1742678652588,1753372571933,1753372571952,"UNKNOWN_DEVICE, ANDROID",409
"United States","PowerThoughts Meditation Club",741000,1738759398611,1738937881293,1738937881293,UNKNOWN_DEVICE,410
"United States","Cobra Starship",721616,1747260495655,1747261178759,1747261175402,ANDROID,411
"United States","Ciaran McAuley",721000,1736444114449,1748382258799,1748382258799,UNKNOWN_DEVICE,412
"United States","ZZ Top",720000,1723823765199,1743816311290,1743816311290,UNKNOWN_DEVICE,413
"United States","Gallery Six",720000,1748408408906,1751852344914,1751852344914,UNKNOWN_DEVICE,414
"United States","Ready for the World",720000,1737489345044,1743198903269,1743198903269,UNKNOWN_DEVICE,415
"United States",Raena,714000,1741414790159,1741426225791,1741426225791,UNKNOWN_DEVICE,416
"United States","Porya Hatami",714000,1751854520873,1751855234873,1751855234873,UNKNOWN_DEVICE,417
"United States",Casper,712965,1747267589427,1747268198401,1747268179231,ANDROID,418
"United States","Alexander Popov",700000,1736446042109,1745767458008,1745767458008,UNKNOWN_DEVICE,419
"United States","Chris Element",699000,1742994385239,1749068282602,1749068282602,UNKNOWN_DEVICE,420
"United States","Noriko Ogawa",699000,1741560227998,1744739926945,1744739926945,UNKNOWN_DEVICE,421
"United States","London Symphony Chorus",699000,1741561211626,1744740910697,1744740910697,UNKNOWN_DEVICE,422
"United States",EGGSTA,696000,1742935355720,1751079538432,1751079538432,UNKNOWN_DEVICE,423
"United States","Alex M.O.R.P.H.",696000,1740954702498,1749067481833,1749067481833,UNKNOWN_DEVICE,424
"United States","Arcadian Drift",696000,1741409967971,1741428750847,1741428750847,UNKNOWN_DEVICE,425
"United States","Susan Palma",695000,1746186666869,1746196498774,1746196498774,UNKNOWN_DEVICE,426
"United States","Elevation Worship",688000,1736435583264,1744032369814,1744032369814,UNKNOWN_DEVICE,427
"United States","Spiritual Embrace",686000,1741406089632,1741419732343,1741419732343,UNKNOWN_DEVICE,428
"United States",SØNIN,684000,1737242045523,1749066799275,1749066799275,UNKNOWN_DEVICE,429
"United States","Mark Ronson",674672,1749859692383,1749860194183,1749860192439,ANDROID,430
"United States","Maurizio Pollini",673000,1744571671460,1744572344460,1744572344460,UNKNOWN_DEVICE,431
"United States","2 Unlimited",670000,1749396227416,1750607078719,1750607078719,UNKNOWN_DEVICE,432
"United States","Livin' Joy",667000,1749734304331,1750606854752,1750606854752,UNKNOWN_DEVICE,433
"United States","Cary Brothers",666000,1742677855445,1742683651686,1742683651686,UNKNOWN_DEVICE,434
"United States","Ronski Speed",666000,1736439371996,1743967496521,1743967496521,UNKNOWN_DEVICE,435
"United States","C+C Music Factory",662000,1748709597195,1749740749045,1749740749045,UNKNOWN_DEVICE,436
"United States","Taio Cruz",661979,1749396570715,1750448473145,1750448473181,ANDROID,437
"United States","Ilan Bluestone",661000,1736444289657,1745438210350,1745438210350,UNKNOWN_DEVICE,438
"United States","David Broaders",660000,1741362891330,1749077426059,1749077426059,UNKNOWN_DEVICE,439
"United States","John 00 Fleming",656000,1736445307238,1738187767650,1738187681387,UNKNOWN_DEVICE,440
"United States",Lianas,652000,1741424249018,1741436335784,1741436335784,UNKNOWN_DEVICE,441
"United States","Ben Gold",651000,1742936353415,1746289383187,1746289383187,UNKNOWN_DEVICE,442
"United States",Somnolent,648000,1741414583188,1741421454671,1741421454671,UNKNOWN_DEVICE,443
"United States","Zubin Mehta",648000,1748438050426,1748438698426,1748438698426,UNKNOWN_DEVICE,444
"United States","New Life Worship",645000,1736433021883,1736436986621,1736436986621,UNKNOWN_DEVICE,445
"United States",Fisherman,644000,1743203884660,1749161494237,1749161494237,UNKNOWN_DEVICE,446
"United States","Solfeggio Tones Collection",640000,1739294385682,1741783777765,1741783777765,UNKNOWN_DEVICE,447
"United States","Crowd+Ctrl",640000,1736447728665,1742829516824,1742829483632,UNKNOWN_DEVICE,448
"United States","Carlo Maria Giulini",640000,1751128691532,1751129331532,1751129331532,UNKNOWN_DEVICE,449
"United States","Future Palace",637148,1724934521304,1724935168448,1724935168649,IPHONE,450
"United States","Paul Young",637000,1737824968229,1750972872816,1750972872816,UNKNOWN_DEVICE,451
"United States",Kinoko,635000,1741425137890,1741434540794,1741434540794,UNKNOWN_DEVICE,452
"United States","Imagine Dragons",635000,1738887691573,1747351929859,1747351929859,UNKNOWN_DEVICE,453
"United States","Amy Wiles",630000,1740955369994,1749077894047,1749077894047,UNKNOWN_DEVICE,454
"United States","Mike + The Mechanics",628000,1737490451079,1745843483550,1745843483550,UNKNOWN_DEVICE,455
"United States","Crystal Waters",624000,1749395949726,1749742197000,1749742197000,UNKNOWN_DEVICE,456
"United States","Vladimir Horowitz",621000,1751993730922,1751994351922,1751994351922,UNKNOWN_DEVICE,457
"United States","London Symphony Orchestra",621000,1744573687417,1744574308417,1744574308417,UNKNOWN_DEVICE,458
"United States","The Jam",620000,1737825473781,1750351319077,1750351319077,UNKNOWN_DEVICE,459
"United States","Wiener Philharmoniker",616000,1740744022361,1740744638361,1740744638361,UNKNOWN_DEVICE,460
"United States","The Smiths",616000,1744472057024,1748725882582,1748725882582,UNKNOWN_DEVICE,461
"United States",Xijaro,615000,1742993501841,1749398952095,1749398952095,UNKNOWN_DEVICE,462
"United States","Ørjan Nilsen",611000,1736451270505,1743206646543,1743206646543,UNKNOWN_DEVICE,463
"United States","Stacey Q",605000,1737825234988,1746294651274,1746294651274,UNKNOWN_DEVICE,464
"United States",Doechii,604209,1747495312555,1751635379957,1751635378769,ANDROID,465
"United States","Trio Boccherini",603000,1741089618019,1750244665027,1750244665027,UNKNOWN_DEVICE,466
"United States","Alex Lustig",600000,1724253682242,1724263663700,1724263663700,UNKNOWN_DEVICE,467
"United States","Tom Middleton",599000,1748410184442,1748410783442,1748410783442,UNKNOWN_DEVICE,468
"United States",Queen,595000,1722691609422,1746984254404,1746984254404,UNKNOWN_DEVICE,469
"United States","Lionel Richie",594000,1723240098709,1746212174686,1746212174686,UNKNOWN_DEVICE,470
"United States","Ariana Grande",591937,1722900183157,1752979920186,1752979920227,"UNKNOWN_DEVICE, ANDROID",471
"United States","Pretty Poison",590000,1747754943780,1749753231264,1749753231264,UNKNOWN_DEVICE,472
"United States","dream reflections",590000,1741408778991,1741434064389,1741434064389,UNKNOWN_DEVICE,473
"United States","Young Thug",589609,1749997456493,1752441485735,1752441493528,ANDROID,474
"United States","Miles Davis",589000,1746216543810,1746217132810,1746217132810,UNKNOWN_DEVICE,475
"United States",Alesso,588802,1747492302873,1748383875265,1748383875265,"UNKNOWN_DEVICE, ANDROID",476
"United States",Fatum,587000,1736445093790,1746288369187,1746288369187,UNKNOWN_DEVICE,477
"United States","The Clash",587000,1739479576878,1753978209598,1753978209598,UNKNOWN_DEVICE,478
"United States","Sound Bath",586000,1741201087781,1741419377074,1741419377074,UNKNOWN_DEVICE,479
"United States","Sophie Hutchings",582000,1747312310143,1747575535815,1747575535855,IPHONE,480
"United States",Sigala,576198,1749830262716,1749830614565,1749830574757,ANDROID,481
"United States",ZOYA,576000,1742932785716,1751078239938,1751078239938,UNKNOWN_DEVICE,482
"United States","Gabriel & Dresden",575000,1737236803729,1743206414248,1743206414248,UNKNOWN_DEVICE,483
"United States",Mastodon,574975,1753792726615,1753793302102,1753793302886,IPHONE,484
"United States","Alannah Myles",574000,1743261884657,1745629360063,1745629360063,UNKNOWN_DEVICE,485
"United States","The Marías",571915,1747493842632,1747494478417,1747494478437,ANDROID,486
"United States","Cecilia Bartoli",570000,1741561444151,1744741100324,1744741100324,UNKNOWN_DEVICE,487
"United States","Emile Mont",569000,1738757574859,1741202924372,1741202924372,UNKNOWN_DEVICE,488
"United States","Michael McDonald",567000,1740069974772,1745772485881,1745772485881,UNKNOWN_DEVICE,489
"United States","Jon Mangan",566000,1741448120988,1748287911050,1748287911050,UNKNOWN_DEVICE,490
"United States",yoneiu,566000,1741406798743,1741414417612,1741414417612,UNKNOWN_DEVICE,491
"United States","Paul Denton",566000,1736437901375,1744069792897,1744069792897,UNKNOWN_DEVICE,492
"United States",XXXTENTACION,565000,1738516781875,1749100547458,1749100547458,UNKNOWN_DEVICE,493
"United States","Golden Slumber",564000,1741406996788,1741434734867,1741434734867,UNKNOWN_DEVICE,494
"United States","Gilbert Varga",560000,1751127400341,1751127960341,1751127960341,UNKNOWN_DEVICE,495
"United States","Luis Miguel",559000,1747659683098,1751819468921,1751819468921,UNKNOWN_DEVICE,496
"United States","Yeol Eum Son",558000,1749931104910,1749931662910,1749931662910,UNKNOWN_DEVICE,497
"United States",Sia,557511,1723672173711,1738888040485,1738888040485,"UNKNOWN_DEVICE, ANDROID",498
"United States","Foo Fighters",557232,1737822707848,1746204666676,1746204666864,"UNKNOWN_DEVICE, IPHONE",499
"United States",Rain4Rest,554000,1741409085036,1741429140229,1741429140229,UNKNOWN_DEVICE,500
"United States","Fetty Wap",319000,1754091833726,1754092055469,1754092055469,UNKNOWN_DEVICE,501
"United States",Aerosmith,220000,1754090813089,1754091033089,1754091033089,UNKNOWN_DEVICE,502
"United States","Boy Tedson",218819,1754087579772,1754088645427,1754088645462,ANDROID,503
"United States","Md Moinul Hasan",142142,1754090637174,1754090805525,1754090805575,ANDROID,504
"United States",JAY-Z,65000,1754093502259,1754093567259,1754093567259,UNKNOWN_DEVICE,505
"United States","Rico Nasty",49000,1754091784394,1754091833394,1754091833394,UNKNOWN_DEVICE,506
"United States","Minecraft Steve",44000,1754092137988,1754092181988,1754092181988,UNKNOWN_DEVICE,507
"United States",demmy,42000,1754092057735,1754092099735,1754092099735,UNKNOWN_DEVICE,508
"United States","Lil Tjay",34000,1754092683190,1754092717190,1754092717190,UNKNOWN_DEVICE,509
"United States",Alternative,462081599,1722643184845,1754098804086,1754098804364,"UNKNOWN_DEVICE, IPHONE, MACINTOSH, ANDROID",1
"United States",Pop,399602230,1722600497292,1754092181988,1754092181988,"UNKNOWN_DEVICE, IPHONE, ANDROID",2
"United States",Rock,222598424,1722620276836,1754092099735,1754092099735,"UNKNOWN_DEVICE, IPHONE, ANDROID",3
"United States","Hip Hop/Rap",182129313,1722622437925,1754093567259,1754093567259,"UNKNOWN_DEVICE, IPHONE, ANDROID",4
"United States",Dance,115515992,1722644494009,1754000655434,1754000655434,"UNKNOWN_DEVICE, IPHONE, ANDROID",5
"United States","Hard Rock",83473590,1722619689602,1754091033089,1754091033089,"UNKNOWN_DEVICE, IPHONE",6
"United States",Trance,68088957,1722903986796,1751079538432,1751079538432,"UNKNOWN_DEVICE, ANDROID",7
"United States",Classical,65907913,1736455677403,1751994381550,1751994381550,"UNKNOWN_DEVICE, IPHONE",8
"United States","R&B/Soul",58305354,1722718908976,1753978695178,1753978695178,"UNKNOWN_DEVICE, ANDROID",9
"United States","Heavy Metal",43184482,1722854924802,1754091859727,1754091859727,"UNKNOWN_DEVICE, IPHONE, MACINTOSH",10
"United States","New Age",37718715,1724257577526,1751855889773,1751855889773,"UNKNOWN_DEVICE, ANDROID",11
"United States",Electronic,29356704,1722631855702,1754090805525,1754090805575,"UNKNOWN_DEVICE, IPHONE, ANDROID",12
"United States",Soundtrack,24858652,1722619399402,1753998167296,1753998167296,"UNKNOWN_DEVICE, IPHONE, ANDROID",13
"United States",Ambient,16416263,1724253682242,1754088645427,1754088645462,"UNKNOWN_DEVICE, IPHONE, ANDROID",14
"United States","Christian & Gospel",14909000,1725019767102,1744032369814,1744032369814,UNKNOWN_DEVICE,15
"United States",Country,8609314,1722692882285,1753471585205,1753471543012,"UNKNOWN_DEVICE, IPHONE, ANDROID",16
"United States",House,8319864,1734354723815,1749735599693,1749735599693,"UNKNOWN_DEVICE, IPHONE, ANDROID",17
"United States",Rap,8162352,1723671873703,1753734835419,1753734835419,"UNKNOWN_DEVICE, IPHONE, ANDROID",18
"United States","New Wave",8037000,1722788161286,1753803907914,1753803907914,UNKNOWN_DEVICE,19
"United States",Pop/Rock,6879000,1723724205202,1746797685912,1746797685912,UNKNOWN_DEVICE,20
"United States","Classical Crossover",6736998,1741436857132,1747745712925,1747744823459,"UNKNOWN_DEVICE, IPHONE",21
"United States","Adult Contemporary",6325000,1722621792667,1753734213139,1753734213139,UNKNOWN_DEVICE,22
"United States","Pop in Spanish",5553000,1736441081871,1751819468921,1751819468921,UNKNOWN_DEVICE,23
"United States",Latin,4875017,1725019958030,1753222357954,1753222357989,"UNKNOWN_DEVICE, ANDROID",24
"United States",Jazz,4777000,1722789218319,1753715301618,1753715301618,"UNKNOWN_DEVICE, IPHONE",25
"United States",Disco,3455000,1722693063364,1748542697854,1748542697854,UNKNOWN_DEVICE,26
"United States",Singer/Songwriter,2511000,1723671665030,1742683651686,1742683651686,"UNKNOWN_DEVICE, ANDROID",27
"United States",Punk,2480218,1739479576878,1753978209598,1753978209598,"UNKNOWN_DEVICE, IPHONE",28
"United States","Latin Urban",2358972,1723586956210,1750371722200,1750371722752,"UNKNOWN_DEVICE, ANDROID",29
"United States",Reggae,1914000,1722986696185,1748362085327,1748362085327,UNKNOWN_DEVICE,30
"United States",Techno,1661000,1736448179969,1748290881437,1748290881437,UNKNOWN_DEVICE,31
"United States",Asia,1441000,1747922294159,1747923735402,1747923735402,UNKNOWN_DEVICE,32
"United States",Nature,1272000,1741406412737,1741430921944,1741430921944,UNKNOWN_DEVICE,33
"United States","Easy Listening",1267000,1725024330687,1748869979826,1748869979826,UNKNOWN_DEVICE,34
"United States",Meditation,1020000,1725110434385,1741199116331,1741199116331,UNKNOWN_DEVICE,35
"United States",Healing,980000,1750431246850,1751127223112,1751127223112,UNKNOWN_DEVICE,36
"United States","Dirty South",967504,1747771379221,1751753129987,1751753130543,ANDROID,37
"United States","Death Metal/Black Metal",935983,1723460035442,1753798034621,1753798034847,IPHONE,38
"United States","Indie Rock",828693,1747444572707,1749752561224,1749752561224,"UNKNOWN_DEVICE, IPHONE",39
"United States",Afrobeats,771904,1723670389050,1752631021812,1752631021840,ANDROID,40
"United States",Inspirational,746000,1736435887899,1736437523318,1736437523318,UNKNOWN_DEVICE,41
"United States",Hip-Hop,728741,1747444404040,1751639752592,1751639753440,"IPHONE, ANDROID",42
"United States",Industrial,626382,1728138385495,1744472713117,1744472713117,"UNKNOWN_DEVICE, IPHONE",43
"United States","Alternative & Rock in Spanish",605000,1737141630324,1751818505728,1751818505728,UNKNOWN_DEVICE,44
"United States",Instrumental,586574,1747499379490,1747530706216,1747530706247,IPHONE,45
"United States",Relaxation,576000,1738936693469,1741431329009,1741431329009,UNKNOWN_DEVICE,46
"United States","Salsa y Tropical",536000,1742946738606,1750078586043,1750078586043,UNKNOWN_DEVICE,47
"United States",Lounge,524000,1724255955195,1724263663700,1724263663700,UNKNOWN_DEVICE,48
"United States","Regional Mexicano",487000,1740233735571,1751288972733,1751288972733,UNKNOWN_DEVICE,49
"United States",Downtempo,425000,1724259207524,1724260742436,1724260742436,UNKNOWN_DEVICE,50
"United States",World,374000,1741198296643,1748986505630,1748986505630,UNKNOWN_DEVICE,51
"United States","Children's Music",361256,1723308669093,1730404087682,1730403965887,ANDROID,52
"United States","Indie Pop",359000,1724261400471,1724264071602,1724264071602,UNKNOWN_DEVICE,53
"United States","Contemporary Jazz",348000,1746215979266,1746216327266,1746216327266,UNKNOWN_DEVICE,54
"United States",K-Pop,311487,1752340250496,1752340516940,1752340518108,ANDROID,55
"United States",Bollywood,301000,1741262980798,1741263282109,1741263282109,UNKNOWN_DEVICE,56
"United States",Holiday,257000,1736436393417,1736436650417,1736436650417,UNKNOWN_DEVICE,57
"United States",Afro-Pop,228743,1723935809627,1723936038370,1723936038402,ANDROID,58
"United States",Electronica,203000,1751853245547,1751853448547,1751853448547,UNKNOWN_DEVICE,59
"United States",Folk-Rock,169000,1740235256172,1740235425172,1740235425172,UNKNOWN_DEVICE,60
"United States","Gangsta Rap",30431,1750708479079,1750708509510,1750708509692,ANDROID,61
"United States","Sound Effects",30000,1741319409447,1741319439447,1741319439447,UNKNOWN_DEVICE,62
