"Play Duration Milliseconds","First Played","Last Played","Source Type","Date Created"
1561082,1754092859731,1754098804086,"UNKNOWN_DEVICE, IPHONE",20250802
4515474,1754011321734,1754092717190,"UNKNOWN_DEVICE, IPHONE, ANDROID",20250801
6515583,1753924736598,1754000655434,"UNKNOWN_DEVICE, IPHONE",20250731
1280853,1753896748392,1753898195979,IPHONE,20250730
5032955,1753792726615,1753818592256,"UNKNOWN_DEVICE, IPHONE",20250729
10655000,1753714003363,1753741250403,UNKNOWN_DEVICE,20250728
4174817,1753577991632,1753634147755,"UNKNOWN_DEVICE, IPHONE",20250727
2066088,1753492380413,1753546807508,IPHONE,20250726
2657380,1753406173791,1753472340647,"UNKNOWN_DEVICE, IPHONE, ANDROID",20250725
3756561,1753320415632,1753383566533,"IPHONE, ANDROID",20250724
1974709,1753237866080,1753292771802,"IPHONE, ANDROID",20250723
1557048,1753189686539,1753222357954,"IPHONE, ANDROID",20250722
4917861,1753110929070,1753118024578,ANDROID,20250721
4843151,1752974539597,1753039556200,"IPHONE, ANDROID",20250720
2992114,1752887738754,1752947215660,IPHONE,20250719
2880276,1752801422048,1752858464064,IPHONE,20250718
3040569,1752714944438,1752770634960,IPHONE,20250717
4102691,1752629779608,1752687823643,"IPHONE, ANDROID",20250716
2771971,1752540870793,1752613723016,"IPHONE, ANDROID",20250715
8844256,1752519706252,1752540870725,IPHONE,20250714
2620994,1752369259134,1752450984319,"IPHONE, ANDROID",20250713
9763417,1752283038677,1752347418835,"IPHONE, ANDROID",20250712
2975446,1752196645934,1752267563521,"IPHONE, ANDROID",20250711
11626226,1752107003026,1752186777824,"IPHONE, ANDROID",20250710
5445142,1752073243991,1752090962488,ANDROID,20250709
6447000,1751936324776,1751994381550,UNKNOWN_DEVICE,20250708
10075532,1751849285692,1751930949335,"UNKNOWN_DEVICE, ANDROID",20250707
11375036,1751764599173,1751834045087,"UNKNOWN_DEVICE, IPHONE",20250706
5941186,1751678210899,1751754021914,"UNKNOWN_DEVICE, IPHONE, ANDROID",20250705
11953105,1751591785456,1751666907316,"UNKNOWN_DEVICE, IPHONE, ANDROID",20250704
10064730,1751548961278,1751582335361,"UNKNOWN_DEVICE, IPHONE, ANDROID",20250703
12777759,1751463403784,1751491898493,"UNKNOWN_DEVICE, IPHONE, ANDROID",20250702
7866279,1751373293607,1751407409183,"UNKNOWN_DEVICE, IPHONE",20250701
2222000,1751244025288,1751289319972,UNKNOWN_DEVICE,20250630
9912377,1751159799550,1751230060682,"UNKNOWN_DEVICE, IPHONE, ANDROID",20250629
11153019,1751071015723,1751142575069,"UNKNOWN_DEVICE, IPHONE, ANDROID",20250628
16173542,1750983142806,1751062442340,"UNKNOWN_DEVICE, IPHONE, ANDROID",20250627
8280664,1750900540265,1750972872816,"UNKNOWN_DEVICE, IPHONE, ANDROID",20250626
9429673,1750820825293,1750892536078,"UNKNOWN_DEVICE, IPHONE",20250625
686908,1750723517005,1750756098272,"UNKNOWN_DEVICE, ANDROID",20250624
13258516,1750678612564,1750717397296,"UNKNOWN_DEVICE, IPHONE, ANDROID",20250623
7153686,1750552881210,1750624374001,"UNKNOWN_DEVICE, IPHONE, ANDROID",20250622
17208871,1750469015674,1750544522303,"UNKNOWN_DEVICE, IPHONE, ANDROID",20250621
18352359,1750377430124,1750463265519,"UNKNOWN_DEVICE, IPHONE, ANDROID",20250620
15585584,1750291736002,1750377616508,"UNKNOWN_DEVICE, IPHONE, ANDROID",20250619
10601703,1750204593914,1750289946037,"UNKNOWN_DEVICE, IPHONE, ANDROID",20250618
4449706,1750176457327,1750204639482,"UNKNOWN_DEVICE, IPHONE, ANDROID",20250617
651000,1750078107500,1750078759289,UNKNOWN_DEVICE,20250616
6863122,1749953869521,1750030867572,"IPHONE, ANDROID",20250615
14927303,1749859156421,1749931990876,"UNKNOWN_DEVICE, IPHONE, ANDROID",20250614
20586110,1749777148408,1749859156973,"UNKNOWN_DEVICE, IPHONE, ANDROID",20250613
19700081,1749686422469,1749755739712,"UNKNOWN_DEVICE, IPHONE, ANDROID",20250612
10413431,1749601586155,1749686325358,"UNKNOWN_DEVICE, IPHONE, ANDROID",20250611
9433931,1749513594191,1749586582931,"UNKNOWN_DEVICE, IPHONE, ANDROID",20250610
20945300,1749427221886,1749513593829,"UNKNOWN_DEVICE, IPHONE, ANDROID",20250609
40989869,1749340750885,1749427354004,"UNKNOWN_DEVICE, IPHONE, ANDROID",20250608
15077849,1749300449468,1749340752375,"UNKNOWN_DEVICE, IPHONE, ANDROID",20250607
4731170,1749171900041,1749228591100,"UNKNOWN_DEVICE, IPHONE",20250606
10379448,1749085470724,1749162826439,"UNKNOWN_DEVICE, IPHONE, ANDROID",20250605
10946262,1749039109864,1749078290989,"UNKNOWN_DEVICE, IPHONE",20250604
4602019,1748952800834,1748987297395,"UNKNOWN_DEVICE, IPHONE, ANDROID",20250603
7024350,1748823194973,1748897698680,"UNKNOWN_DEVICE, IPHONE, ANDROID",20250602
5807881,1748791924767,1748813418655,"UNKNOWN_DEVICE, IPHONE, ANDROID",20250601
4938129,1748653779035,1748734552456,"UNKNOWN_DEVICE, IPHONE, ANDROID",20250531
4002356,1748567373675,1748623927617,"UNKNOWN_DEVICE, IPHONE",20250530
9551134,1748476730715,1748557673530,"UNKNOWN_DEVICE, IPHONE, ANDROID",20250529
14811282,1748390905323,1748476731280,"UNKNOWN_DEVICE, IPHONE, ANDROID",20250528
19582902,1748357041930,1748387644898,"UNKNOWN_DEVICE, ANDROID",20250527
18492416,1748217888860,1748304143978,"UNKNOWN_DEVICE, ANDROID",20250526
15448385,1748132113824,1748218413349,"UNKNOWN_DEVICE, IPHONE, ANDROID",20250525
6487855,1748092067797,1748130651331,"UNKNOWN_DEVICE, IPHONE, ANDROID",20250524
10137027,1747958532267,1748038029037,"UNKNOWN_DEVICE, IPHONE, ANDROID",20250523
12661231,1747875791183,1747955148922,"UNKNOWN_DEVICE, IPHONE, ANDROID",20250522
4173075,1747787558318,1747863679809,"UNKNOWN_DEVICE, IPHONE, ANDROID",20250521
7963632,1747703783622,1747787549265,"UNKNOWN_DEVICE, IPHONE, ANDROID",20250520
8990096,1747614841777,1747696802579,"UNKNOWN_DEVICE, IPHONE, ANDROID",20250519
19819288,1747530219887,1747614820366,"UNKNOWN_DEVICE, IPHONE, ANDROID",20250518
18824926,1747440043866,1747507827185,"UNKNOWN_DEVICE, IPHONE, ANDROID",20250517
11214001,1747353949935,1747440010177,"UNKNOWN_DEVICE, IPHONE, ANDROID",20250516
23026881,1747267336146,1747353848106,"UNKNOWN_DEVICE, IPHONE, ANDROID",20250515
9907316,1747183346684,1747267204488,"UNKNOWN_DEVICE, IPHONE, ANDROID",20250514
6706858,1747094311339,1747175458793,"IPHONE, ANDROID",20250513
13739360,1747010352599,1747094310284,"IPHONE, ANDROID",20250512
6919404,1746925408118,1747003674300,"UNKNOWN_DEVICE, IPHONE",20250511
5841709,1746839417834,1746896057669,"UNKNOWN_DEVICE, IPHONE",20250510
4831516,1746752534258,1746810332707,"UNKNOWN_DEVICE, IPHONE",20250509
12841612,1746666144463,1746742848450,"UNKNOWN_DEVICE, IPHONE",20250508
10812339,1746575910067,1746660668344,"UNKNOWN_DEVICE, IPHONE",20250507
3715709,1746529214062,1746575909489,"UNKNOWN_DEVICE, IPHONE",20250506
4396888,1746448115470,1746481309522,"UNKNOWN_DEVICE, IPHONE",20250505
8962881,1746317122872,1746401201150,"UNKNOWN_DEVICE, IPHONE",20250504
9077594,1746234262341,1746315823361,"UNKNOWN_DEVICE, IPHONE",20250503
40310040,1746147887171,1746229133094,"UNKNOWN_DEVICE, IPHONE",20250502
13223100,1746061521237,1746115974794,"UNKNOWN_DEVICE, IPHONE",20250501
4976671,1746010804113,1746056889356,"UNKNOWN_DEVICE, IPHONE",20250430
6874241,1745891021582,1745958608648,"UNKNOWN_DEVICE, IPHONE",20250429
5838249,1745803690040,1745866705595,"UNKNOWN_DEVICE, IPHONE",20250428
13526538,1745715837379,1745788126656,"UNKNOWN_DEVICE, IPHONE",20250427
13913145,1745626595835,1745711641632,"UNKNOWN_DEVICE, IPHONE",20250426
4145917,1745583454003,1745599852989,"UNKNOWN_DEVICE, IPHONE",20250425
4476218,1745456924057,1745514325676,"UNKNOWN_DEVICE, IPHONE",20250424
6007000,1745406021890,1745440354967,UNKNOWN_DEVICE,20250423
8529831,1745324894920,1745354033983,"UNKNOWN_DEVICE, IPHONE",20250422
1225000,1745240079357,1745272652819,UNKNOWN_DEVICE,20250421
9093626,1745108151009,1745191270456,"UNKNOWN_DEVICE, IPHONE",20250420
5024429,1745024611355,1745086720014,"UNKNOWN_DEVICE, IPHONE",20250419
3751046,1744938360910,1744994981485,"UNKNOWN_DEVICE, IPHONE",20250418
3979409,1744852218190,1744913375437,"UNKNOWN_DEVICE, IPHONE",20250417
5171489,1744810746811,1744852217596,"UNKNOWN_DEVICE, IPHONE",20250416
12994000,1744726925661,1744744100997,UNKNOWN_DEVICE,20250415
3317778,1744592583872,1744638026998,"UNKNOWN_DEVICE, IPHONE",20250414
19052666,1744506368602,1744574308417,"UNKNOWN_DEVICE, IPHONE",20250413
5681582,1744464556684,1744477215097,"UNKNOWN_DEVICE, IPHONE",20250412
4155412,1744333556317,1744390914409,"UNKNOWN_DEVICE, IPHONE",20250411
8479897,1744284169585,1744318866710,"UNKNOWN_DEVICE, IPHONE",20250410
2313612,1744196410703,1744203883532,"UNKNOWN_DEVICE, IPHONE",20250409
5507024,1744118708291,1744139696737,"UNKNOWN_DEVICE, IPHONE",20250408
7399588,1744028767281,1744069792897,"UNKNOWN_DEVICE, IPHONE",20250407
8840405,1743901421144,1743970907521,"UNKNOWN_DEVICE, IPHONE",20250406
17043336,1743813133006,1743871996340,"UNKNOWN_DEVICE, IPHONE",20250405
7446058,1743728114257,1743788535682,"UNKNOWN_DEVICE, IPHONE",20250404
6878536,1743682866147,1743712565355,"UNKNOWN_DEVICE, IPHONE",20250403
1331752,1743597165783,1743612177236,IPHONE,20250402
3649000,1743512391358,1743538616319,UNKNOWN_DEVICE,20250401
15943968,1743379615076,1743447741322,"UNKNOWN_DEVICE, IPHONE",20250331
9831530,1743292640341,1743380293398,"UNKNOWN_DEVICE, IPHONE",20250330
16532527,1743206049248,1743292640180,"UNKNOWN_DEVICE, IPHONE",20250329
14429499,1743119928601,1743206049374,"UNKNOWN_DEVICE, IPHONE",20250328
5193974,1743037376817,1743119928584,"UNKNOWN_DEVICE, IPHONE",20250327
6918852,1742947049598,1743008585110,"UNKNOWN_DEVICE, IPHONE",20250326
8902000,1742906940921,1742947041606,UNKNOWN_DEVICE,20250325
8748785,1742774324667,1742859551476,"UNKNOWN_DEVICE, IPHONE",20250324
7181521,1742747218671,1742774324495,"UNKNOWN_DEVICE, IPHONE",20250323
9342021,1742605387265,1742683651686,"UNKNOWN_DEVICE, IPHONE",20250322
6746126,1742555357149,1742576013131,"UNKNOWN_DEVICE, IPHONE",20250321
10388355,1742432941730,1742508295755,"UNKNOWN_DEVICE, IPHONE",20250320
6145407,1742346653484,1742403137622,"UNKNOWN_DEVICE, IPHONE",20250319
6777645,1742295616135,1742333554205,"UNKNOWN_DEVICE, IPHONE",20250318
2618000,1742215206670,1742217824285,UNKNOWN_DEVICE,20250317
3418292,1742083362746,1742154031829,"UNKNOWN_DEVICE, IPHONE",20250316
7597372,1742000159680,1742087067616,"UNKNOWN_DEVICE, IPHONE",20250315
2166000,1741951855709,1741954097873,UNKNOWN_DEVICE,20250314
1966000,1741836147995,1741838030613,UNKNOWN_DEVICE,20250313
1583000,1741783100119,1741784688024,UNKNOWN_DEVICE,20250312
1621315,1741696448839,1741714264683,"UNKNOWN_DEVICE, IPHONE",20250311
4618151,1741568588434,1741632108242,"UNKNOWN_DEVICE, IPHONE",20250310
11885835,1741485793723,1741561950626,"UNKNOWN_DEVICE, IPHONE",20250309
36967044,1741406089632,1741461448077,"UNKNOWN_DEVICE, IPHONE",20250308
7283743,1741312949488,1741383468224,"UNKNOWN_DEVICE, IPHONE",20250307
8563325,1741226685757,1741299708297,"UNKNOWN_DEVICE, IPHONE",20250306
9800774,1741148185432,1741203657553,"UNKNOWN_DEVICE, IPHONE",20250305
2572964,1741089618019,1741097172138,"UNKNOWN_DEVICE, IPHONE",20250304
5094554,1740967445337,1741017728856,"UNKNOWN_DEVICE, IPHONE",20250303
7668326,1740881107933,1740956199194,"UNKNOWN_DEVICE, IPHONE",20250302
1090247,1740794894526,1740795984655,IPHONE,20250301
12020496,1740700639163,1740777274916,"UNKNOWN_DEVICE, IPHONE",20250228
14673238,1740663282285,1740700639153,"UNKNOWN_DEVICE, IPHONE",20250227
5750304,1740576301114,1740592131541,"UNKNOWN_DEVICE, IPHONE",20250226
5909000,1740484816103,1740501849874,UNKNOWN_DEVICE,20250225
5113848,1740363174361,1740428972624,"UNKNOWN_DEVICE, IPHONE",20250224
5388467,1740276171893,1740336729671,IPHONE,20250223
8862605,1740190177771,1740251102909,"UNKNOWN_DEVICE, IPHONE",20250222
6900358,1740103478992,1740160574745,"UNKNOWN_DEVICE, IPHONE",20250221
14548772,1740009798142,1740074487291,"UNKNOWN_DEVICE, IPHONE",20250220
2246560,1739973216149,1739985767925,"UNKNOWN_DEVICE, IPHONE",20250219
2110000,1739726865309,1739739809650,UNKNOWN_DEVICE,20250216
6162234,1739493935871,1739564186947,"UNKNOWN_DEVICE, IPHONE",20250214
4145000,1739452710895,1739479719878,UNKNOWN_DEVICE,20250213
7103000,1739284847300,1739294744768,UNKNOWN_DEVICE,20250211
2807000,1739192421475,1739197871991,UNKNOWN_DEVICE,20250210
5047900,1739059174858,1739145057542,"UNKNOWN_DEVICE, IPHONE",20250209
6136100,1738980399008,1739059175336,"UNKNOWN_DEVICE, IPHONE",20250208
4172000,1738886255295,1738939085006,UNKNOWN_DEVICE,20250207
10520188,1738757407065,1738796949143,"UNKNOWN_DEVICE, IPHONE",20250205
4170000,1738670402180,1738693499970,UNKNOWN_DEVICE,20250204
4208005,1738548156867,1738606075217,"UNKNOWN_DEVICE, IPHONE",20250203
7937345,1738457707519,1738534597998,"UNKNOWN_DEVICE, IPHONE",20250202
3671041,1738375542038,1738432366680,IPHONE,20250201
4471045,1738329626207,1738346321730,"UNKNOWN_DEVICE, IPHONE",20250131
12521871,1738203971809,1738266279672,"UNKNOWN_DEVICE, IPHONE",20250130
8785455,1738155629186,1738191223259,"UNKNOWN_DEVICE, IPHONE",20250129
4363263,1738029749619,1738088249545,"UNKNOWN_DEVICE, IPHONE",20250128
6464209,1737943389454,1738000873718,"UNKNOWN_DEVICE, IPHONE",20250127
17126862,1737857041847,1737935457831,"UNKNOWN_DEVICE, IPHONE",20250126
22681514,1737815755223,1737832897492,"UNKNOWN_DEVICE, IPHONE",20250125
4897136,1737722568286,1737758543868,"UNKNOWN_DEVICE, IPHONE",20250124
5421603,1737632067868,1737668040068,"UNKNOWN_DEVICE, IPHONE",20250123
10591000,1737423624883,1737494159396,UNKNOWN_DEVICE,20250121
5457661,1737338743921,1737403157958,"UNKNOWN_DEVICE, IPHONE, MACINTOSH",20250120
5600469,1737252836392,1737321154189,"UNKNOWN_DEVICE, IPHONE",20250119
12035949,1737217776273,1737242890682,"UNKNOWN_DEVICE, IPHONE",20250118
7232645,1737115204100,1737151635609,"UNKNOWN_DEVICE, IPHONE",20250117
2765363,1736992970312,1737063154194,IPHONE,20250116
5273075,1736946169832,1736964255974,"UNKNOWN_DEVICE, IPHONE",20250115
7341810,1736827358974,1736879513084,"UNKNOWN_DEVICE, IPHONE",20250114
2809000,1736770074674,1736773692535,UNKNOWN_DEVICE,20250113
2988000,1736706115228,1736709101917,UNKNOWN_DEVICE,20250112
2414000,1736623392865,1736632370328,UNKNOWN_DEVICE,20250111
2514000,1736511267239,1736529229008,UNKNOWN_DEVICE,20250110
38380000,1736424901644,1736460832964,UNKNOWN_DEVICE,20250109
3982940,1736340071953,1736373019291,"UNKNOWN_DEVICE, IPHONE",20250108
70220,1736255046294,1736255130875,IPHONE,20250107
1682551,1735929735814,1735935038022,IPHONE,20250103
2237437,1735829951893,1735845001174,IPHONE,20250102
1516288,1735673422765,1735675705889,IPHONE,20241231
2469182,1735520610596,1735575759415,IPHONE,20241230
4060519,1734968787819,1734972851519,MACINTOSH,20241223
61931,1734797404372,1734806196071,IPHONE,20241221
641422,1734646262335,1734650257869,IPHONE,20241219
732823,1734527184055,1734535327172,IPHONE,20241218
839938,1734354271097,1734355170958,IPHONE,20241216
988330,1734095229355,1734097039141,IPHONE,20241213
107891,1733949112785,1733949199694,ANDROID,20241211
1925495,1733679463941,1733694461141,"IPHONE, ANDROID",20241208
462058,1733533686584,1733534003514,ANDROID,20241207
1326030,1733330835726,1733339878856,IPHONE,20241204
496329,1733012641046,1733013147364,ANDROID,20241201
2465128,1732889163615,1732891434497,ANDROID,20241129
132590,1732465531265,1732465663855,IPHONE,20241124
105903,1732383362960,1732383468863,ANDROID,20241123
496246,1732308232909,1732308797602,ANDROID,20241122
58583,1731893348018,1731893406601,ANDROID,20241118
1273579,1731868349347,1731870057957,ANDROID,20241117
294214,1731766208765,1731766878290,ANDROID,20241116
86382,1731634113674,1731634161849,ANDROID,20241115
191715,1731532978266,1731533263641,ANDROID,20241113
170895,1731255599575,1731269460367,ANDROID,20241110
1881095,1731012728372,1731021587444,"IPHONE, ANDROID",20241107
483544,1730824698666,1730826753301,ANDROID,20241105
99271,1730566129627,1730566303649,ANDROID,20241102
121503,1730475149007,1730476674127,ANDROID,20241101
1245580,1730333067943,1730404209305,ANDROID,20241031
164450,1730323725826,1730329080525,ANDROID,20241030
470069,1730071042443,1730072792161,ANDROID,20241027
153309,1729964847371,1729969294450,ANDROID,20241026
260706,1729889417627,1729890457194,ANDROID,20241025
8014045,1729781452145,1729790578192,IPHONE,20241024
616480,1729713924024,1729716129120,ANDROID,20241023
698286,1729612832122,1729613546267,IPHONE,20241022
1041423,1729543300979,1729545368983,ANDROID,20241021
1640969,1729443598767,1729452657807,ANDROID,20241020
2073806,1729257725290,1729265278398,IPHONE,20241018
40276,1729123556813,1729124270434,ANDROID,20241017
684402,1729006689988,1729007381921,IPHONE,20241015
327788,1728948735955,1728949135963,ANDROID,20241014
807206,1728827069414,1728828001653,ANDROID,20241013
2155663,1728740289282,1728769129404,ANDROID,20241012
121758,1728660785721,1728686502124,ANDROID,20241011
2253331,1728561823582,1728592507663,IPHONE,20241010
1856318,1728225183274,1728260228445,ANDROID,20241006
3261072,1728137023447,1728153242584,"IPHONE, ANDROID",20241005
2055534,1727999926363,1728001802008,ANDROID,20241004
3202840,1727996787183,1727999870088,ANDROID,20241003
837734,1727882024282,1727882907007,IPHONE,20241002
736686,1726674279575,1726675024500,IPHONE,20240918
192342,1725919932173,1725920552568,IPHONE,20240909
745943,1725562360208,1725563201036,IPHONE,20240905
1624000,1725399116459,1725400749852,UNKNOWN_DEVICE,20240903
2149000,1725300574912,1725302723623,UNKNOWN_DEVICE,20240902
8671000,1725198671170,1725227367284,UNKNOWN_DEVICE,20240901
4387807,1725109921883,1725147067771,"UNKNOWN_DEVICE, IPHONE",20240831
2508848,1725019767102,1725024771194,"UNKNOWN_DEVICE, IPHONE",20240830
984115,1724932955288,1724935168448,IPHONE,20240829
432294,1724634162079,1724634594546,IPHONE,20240826
331873,1724519369544,1724519701824,IPHONE,20240824
10930545,1724371055420,1724454409543,"UNKNOWN_DEVICE, ANDROID",20240823
11178103,1724284543551,1724371217003,"UNKNOWN_DEVICE, IPHONE, ANDROID",20240822
20139157,1724252266216,1724284499292,"UNKNOWN_DEVICE, ANDROID",20240821
20835944,1724111437170,1724198323818,"UNKNOWN_DEVICE, ANDROID",20240820
22407984,1724025397810,1724111405732,"UNKNOWN_DEVICE, IPHONE, ANDROID",20240819
8269701,1723940446280,1724029542591,"UNKNOWN_DEVICE, IPHONE, ANDROID",20240818
5477600,1723905052587,1723938459038,"UNKNOWN_DEVICE, ANDROID",20240817
6877263,1723815590527,1723846308798,"UNKNOWN_DEVICE, IPHONE, MACINTOSH, ANDROID",20240816
5517383,1723723247956,1723742387934,"UNKNOWN_DEVICE, ANDROID",20240815
11841117,1723627452356,1723675237652,"UNKNOWN_DEVICE, IPHONE, ANDROID",20240814
5680163,1723559427847,1723590150123,"UNKNOWN_DEVICE, IPHONE, ANDROID",20240813
3045376,1723422025866,1723497919482,"UNKNOWN_DEVICE, IPHONE, ANDROID",20240812
5654692,1723376842187,1723417314303,"UNKNOWN_DEVICE, IPHONE",20240811
2792004,1723252335469,1723333714068,"UNKNOWN_DEVICE, IPHONE, ANDROID",20240810
12199509,1723214469419,1723240456962,"UNKNOWN_DEVICE, ANDROID",20240809
4652449,1723130287449,1723158815915,"UNKNOWN_DEVICE, IPHONE, ANDROID",20240808
8662834,1722988708751,1723050911723,"UNKNOWN_DEVICE, IPHONE, ANDROID",20240807
6081342,1722903477414,1722988708804,"UNKNOWN_DEVICE, IPHONE, ANDROID",20240806
7038499,1722854924802,1722900557747,"UNKNOWN_DEVICE, IPHONE, ANDROID",20240805
4809574,1722786370625,1722793669318,"UNKNOWN_DEVICE, IPHONE, ANDROID",20240804
7213108,1722643184845,1722719475359,"UNKNOWN_DEVICE, ANDROID",20240803
5345000,1722600497292,1722633350746,UNKNOWN_DEVICE,20240802
